ticker,return,buy and hold return,Max. Drawdown [%],Avg. Drawdown [%],Max. Drawdown Duration,Avg. Drawdown Duration,Num Trades,Win Rate [%],Best Trade [%],Worst Trade [%],Avg. Trade [%],Max. Trade Duration,Avg. Trade Duration,plot_path
sz-002064,-0.2095000000000073,-10.377358490566046,-0.2095000000000069,-0.1447500000000046,111.0,59.0,1.0,0.0,-2.6220275344180255,-2.6220275344180255,-2.6220275344180255,10.0,10.0,./results/plots/./data/raw/outsample\history_stock_sz-002064.csv.html
sh-600895,0.0,-6.360708534621572,-0.0,,,,0.0,,,,,,,./results/plots/./data/raw/outsample\history_stock_sh-600895.csv.html
sh-600776,0.0,-2.9143897996357038,-0.0,,,,0.0,,,,,,,./results/plots/./data/raw/outsample\history_stock_sh-600776.csv.html
sh-603568,0.0,-15.062156692685758,-0.0,,,,0.0,,,,,,,./results/plots/./data/raw/outsample\history_stock_sh-603568.csv.html
sz-000501,0.0,-4.039497307001804,-0.0,,,,1.0,0.0,0.0,0.0,0.0,0.0,0.0,./results/plots/./data/raw/outsample\history_stock_sz-000501.csv.html
sz-002056,-0.5997500000000037,-6.406368460955261,-2.672818956232259,-1.461072886912379,129.0,65.5,1.0,0.0,-2.541313559322045,-2.541313559322045,-2.541313559322045,22.0,22.0,./results/plots/./data/raw/outsample\history_stock_sz-002056.csv.html
sh-601778,0.0,5.839416058394149,-0.0,,,,0.0,,,,,,,./results/plots/./data/raw/outsample\history_stock_sh-601778.csv.html
sh-600649,0.15,-2.803738317757012,-0.05987426404550078,-0.02496887937434855,27.0,5.916666666666667,1.0,100.0,3.731343283582089,3.731343283582089,3.731343283582089,82.0,82.0,./results/plots/./data/raw/outsample\history_stock_sh-600649.csv.html
sz-300459,0.0,0.0,-0.0,,,,0.0,,,,,,,./results/plots/./data/raw/outsample\history_stock_sz-300459.csv.html
sh-600409,0.0,-15.782983970406898,-0.0,,,,0.0,,,,,,,./results/plots/./data/raw/outsample\history_stock_sh-600409.csv.html
sh-600511,0.0,-2.3871689668034204,-0.0,,,,0.0,,,,,,,./results/plots/./data/raw/outsample\history_stock_sh-600511.csv.html
sh-601106,0.0,0.6329113924050638,-0.0,,,,0.0,,,,,,,./results/plots/./data/raw/outsample\history_stock_sh-601106.csv.html
sh-600640,0.0,-0.09661835748792065,-0.0,,,,0.0,,,,,,,./results/plots/./data/raw/outsample\history_stock_sh-600640.csv.html
sz-000031,0.09,-11.138613861386142,-0.09989012086704108,-0.04217329020158835,32.0,8.666666666666666,1.0,100.0,2.556818181818188,2.556818181818188,2.556818181818188,84.0,84.0,./results/plots/./data/raw/outsample\history_stock_sz-000031.csv.html
sz-002156,2.09,7.707380796864781,-1.5698587127158548,-0.49917833367210784,48.0,13.4,1.0,100.0,14.433701657458563,14.433701657458563,14.433701657458563,82.0,82.0,./results/plots/./data/raw/outsample\history_stock_sz-002156.csv.html
sh-603256,0.0,-5.027173913043479,-0.0,,,,0.0,,,,,,,./results/plots/./data/raw/outsample\history_stock_sh-603256.csv.html
sh-600675,0.0,-5.8631921824104145,-0.0,,,,0.0,,,,,,,./results/plots/./data/raw/outsample\history_stock_sh-600675.csv.html
sz-300026,0.0,-16.886543535620056,-0.0,,,,0.0,,,,,,,./results/plots/./data/raw/outsample\history_stock_sz-300026.csv.html
sz-002195,0.1,-1.345291479820619,-0.07988017973040717,-0.024971739732896344,26.0,6.8,1.0,100.0,4.739336492891,4.739336492891,4.739336492891,83.0,83.0,./results/plots/./data/raw/outsample\history_stock_sz-002195.csv.html
sz-000739,0.0,-7.211538461538461,-0.0,,,,0.0,,,,,,,./results/plots/./data/raw/outsample\history_stock_sz-000739.csv.html
sh-600862,-0.05,-8.835055219095121,-2.396791234592055,-1.4483956172960277,110.0,57.5,1.0,0.0,-0.1947798987144589,-0.1947798987144589,-0.1947798987144589,116.0,116.0,./results/plots/./data/raw/outsample\history_stock_sh-600862.csv.html
sh-603515,0.42,-4.2602187679908,-0.3577817531305927,-0.15928157990989153,33.0,10.571428571428571,1.0,100.0,2.594193946880785,2.594193946880785,2.594193946880785,88.0,88.0,./results/plots/./data/raw/outsample\history_stock_sh-603515.csv.html
sz-002653,0.1,-4.225352112676043,-0.5765980713788643,-0.18703658816043633,18.0,7.6,1.0,100.0,0.6406149903907865,0.6406149903907865,0.6406149903907865,41.0,41.0,./results/plots/./data/raw/outsample\history_stock_sz-002653.csv.html
sz-000999,0.22,-18.570143884892083,-0.0,,,,1.0,100.0,0.6100942872989457,0.6100942872989457,0.6100942872989457,2.0,2.0,./results/plots/./data/raw/outsample\history_stock_sz-000999.csv.html
sz-000400,0.0,15.863874345549725,-0.0,,,,0.0,,,,,,,./results/plots/./data/raw/outsample\history_stock_sz-000400.csv.html
sh-600959,0.1,-1.2383900928792582,-0.05990415335462851,-0.025686612053113907,49.0,10.142857142857142,1.0,100.0,3.2258064516129004,3.2258064516129004,3.2258064516129004,81.0,81.0,./results/plots/./data/raw/outsample\history_stock_sh-600959.csv.html
sh-603708,-0.5497500000000036,-13.841807909604526,-0.6494902039184347,-0.6494902039184347,93.0,93.0,2.0,0.0,-1.9292604501607746,-2.423708920187806,-2.1767970840886774,86.0,46.0,./results/plots/./data/raw/outsample\history_stock_sh-603708.csv.html
sz-300072,0.0,-4.397705544933086,-0.0,,,,0.0,,,,,,,./results/plots/./data/raw/outsample\history_stock_sz-300072.csv.html
sz-002249,0.0,6.382978723404249,-0.0,,,,0.0,,,,,,,./results/plots/./data/raw/outsample\history_stock_sz-002249.csv.html
sz-300357,0.0,-10.486083888671113,-0.0,,,,0.0,,,,,,,./results/plots/./data/raw/outsample\history_stock_sz-300357.csv.html
sz-000898,0.0,-5.9561128526645755,-0.08995502248875242,-0.03332117198091196,56.0,12.5,1.0,0.0,0.0,0.0,0.0,81.0,81.0,./results/plots/./data/raw/outsample\history_stock_sz-000898.csv.html
sz-300474,-2.6629999999999927,-13.472706155632977,-3.368410602601002,-1.7940186186609863,112.0,57.5,1.0,0.0,-2.500000000000002,-2.500000000000002,-2.500000000000002,12.0,12.0,./results/plots/./data/raw/outsample\history_stock_sz-300474.csv.html
sh-600737,0.12,-2.6455026455026363,-0.20981116994704951,-0.08655998166175274,46.0,15.666666666666666,1.0,100.0,1.6551724137931156,1.6551724137931156,1.6551724137931156,103.0,103.0,./results/plots/./data/raw/outsample\history_stock_sh-600737.csv.html
sz-000686,0.0,-0.7163323782235058,-0.0,,,,0.0,,,,,,,./results/plots/./data/raw/outsample\history_stock_sz-000686.csv.html
sh-603866,-0.18100000000000363,-15.481927710843385,-0.7778109750024909,-0.4038740535126206,103.0,53.0,2.0,50.0,1.370851370851378,-2.567474048442908,-0.617817960552336,41.0,30.5,./results/plots/./data/raw/outsample\history_stock_sh-603866.csv.html
sz-002217,0.24,-5.466237942122184,-0.11971268954509284,-0.034379144855282526,34.0,8.333333333333334,1.0,100.0,8.856088560885622,8.856088560885622,8.856088560885622,86.0,86.0,./results/plots/./data/raw/outsample\history_stock_sz-002217.csv.html
sz-002506,0.74,19.137466307277627,-0.37631214101802035,-0.1887038880388947,48.0,18.4,1.0,100.0,19.999999999999996,19.999999999999996,19.999999999999996,101.0,101.0,./results/plots/./data/raw/outsample\history_stock_sz-002506.csv.html
sz-002925,-0.49100000000000366,-6.118636151331148,-0.5804775701868325,-0.5804775701868325,112.0,112.0,1.0,0.0,-2.500000000000002,-2.500000000000002,-2.500000000000002,9.0,9.0,./results/plots/./data/raw/outsample\history_stock_sz-002925.csv.html
sh-600466,0.16999999999999998,-5.0955414012738895,-0.07980845969672856,-0.04392994661749361,32.0,14.8,1.0,100.0,12.781954887218049,12.781954887218049,12.781954887218049,85.0,85.0,./results/plots/./data/raw/outsample\history_stock_sh-600466.csv.html
sz-002423,0.0,-0.4477611940298544,-0.0,,,,0.0,,,,,,,./results/plots/./data/raw/outsample\history_stock_sz-002423.csv.html
sh-600316,0.0,-8.757244043786216,-0.0,,,,0.0,,,,,,,./results/plots/./data/raw/outsample\history_stock_sh-600316.csv.html
sh-600410,-0.14024999999999638,-4.7863247863247755,-0.25993807431082816,-0.20492406413922248,126.0,71.5,1.0,0.0,-2.500000000000002,-2.500000000000002,-2.500000000000002,58.0,58.0,./results/plots/./data/raw/outsample\history_stock_sh-600410.csv.html
sh-600884,0.0,-3.143149982917657,-0.0,,,,0.0,,,,,,,./results/plots/./data/raw/outsample\history_stock_sh-600884.csv.html
sh-600258,0.0,-11.172472387425653,-0.0,,,,0.0,,,,,,,./results/plots/./data/raw/outsample\history_stock_sh-600258.csv.html
sz-002399,-0.38,-8.961187214611874,-0.4397361583050152,-0.3398680791525055,95.0,52.0,1.0,0.0,-2.2673031026253176,-2.2673031026253176,-2.2673031026253176,16.0,16.0,./results/plots/./data/raw/outsample\history_stock_sz-002399.csv.html
sh-600707,-0.15,-6.118143459915612,-0.31945692323051,-0.1364593341463734,132.0,47.333333333333336,1.0,0.0,-3.3333333333333437,-3.3333333333333437,-3.3333333333333437,50.0,50.0,./results/plots/./data/raw/outsample\history_stock_sh-600707.csv.html
sz-000729,0.0,-12.089077412513262,-0.0,,,,0.0,,,,,,,./results/plots/./data/raw/outsample\history_stock_sz-000729.csv.html
sh-600545,0.37,1.5503875968992262,-0.18965861449391497,-0.049903585681181854,43.0,7.888888888888889,1.0,100.0,10.364145658263313,10.364145658263313,10.364145658263313,83.0,83.0,./results/plots/./data/raw/outsample\history_stock_sh-600545.csv.html
sh-600273,-0.2457500000000073,-5.032618825722283,-0.3454045954046081,-0.22171828171828611,61.0,38.333333333333336,1.0,0.0,-2.4045988258317164,-2.4045988258317164,-2.4045988258317164,81.0,81.0,./results/plots/./data/raw/outsample\history_stock_sh-600273.csv.html
sh-603806,0.0,5.8118361153262486,-0.0,,,,0.0,,,,,,,./results/plots/./data/raw/outsample\history_stock_sh-603806.csv.html
sz-000758,0.0,0.623700623700629,-0.0,,,,0.0,,,,,,,./results/plots/./data/raw/outsample\history_stock_sz-000758.csv.html
sz-002791,-5.853500000000022,-35.4605948849515,-8.824967568107,-8.824967568107,88.0,88.0,4.0,25.0,1.54892330940688,-2.5108033240997307,-1.5058896993734305,46.0,13.25,./results/plots/./data/raw/outsample\history_stock_sz-002791.csv.html
sz-000932,-0.33975000000000366,-10.276679841897225,-0.4494353952233521,-0.22971669781163828,110.0,56.5,4.0,25.0,0.22075055187638082,-2.5000000000000133,-1.7755108742835812,41.0,27.75,./results/plots/./data/raw/outsample\history_stock_sz-000932.csv.html
sz-002317,0.0,7.980569049271343,-0.0,,,,0.0,,,,,,,./results/plots/./data/raw/outsample\history_stock_sz-002317.csv.html
sh-600094,0.04,-10.136986301369866,-0.1996007984031989,-0.0670369132640942,28.0,10.428571428571429,1.0,100.0,1.2269938650306678,1.2269938650306678,1.2269938650306678,85.0,85.0,./results/plots/./data/raw/outsample\history_stock_sh-600094.csv.html
sz-000581,0.89,2.146596858638744,-0.30766177054386556,-0.1457797084426486,31.0,12.666666666666666,1.0,100.0,4.777241009125066,4.777241009125066,4.777241009125066,82.0,82.0,./results/plots/./data/raw/outsample\history_stock_sz-000581.csv.html
sh-600748,0.16999999999999998,-3.5230352303523005,-0.08990110878034363,-0.03268851050403592,25.0,6.636363636363637,1.0,100.0,5.014749262536866,5.014749262536866,5.014749262536866,84.0,84.0,./results/plots/./data/raw/outsample\history_stock_sh-600748.csv.html
sz-300244,1.43,0.5570117955439112,-1.8862449216482835,-0.6803473013591987,63.0,19.2,1.0,100.0,4.847457627118645,4.847457627118645,4.847457627118645,102.0,102.0,./results/plots/./data/raw/outsample\history_stock_sz-300244.csv.html
sh-603638,0.0,-6.86131386861314,-0.0,,,,0.0,,,,,,,./results/plots/./data/raw/outsample\history_stock_sh-603638.csv.html
sz-002078,0.0,-3.37448559670782,-0.0,,,,0.0,,,,,,,./results/plots/./data/raw/outsample\history_stock_sz-002078.csv.html
sz-002110,-0.1225,-9.031198686371097,-0.25249999999999995,-0.25249999999999995,86.0,86.0,2.0,50.0,0.3616636528028794,-2.500000000000002,-1.07951574042775,43.0,24.5,./results/plots/./data/raw/outsample\history_stock_sz-002110.csv.html
sz-000629,0.0,87.56345177664974,-0.0,,,,0.0,,,,,,,./results/plots/./data/raw/outsample\history_stock_sz-000629.csv.html
sh-601611,-0.16,-1.4234875444839765,-0.3791658351626426,-0.2794391476132696,57.0,37.0,1.0,0.0,-1.8867924528301883,-1.8867924528301883,-1.8867924528301883,79.0,79.0,./results/plots/./data/raw/outsample\history_stock_sh-601611.csv.html
sz-002589,0.0,13.178294573643404,-0.0,,,,0.0,,,,,,,./results/plots/./data/raw/outsample\history_stock_sz-002589.csv.html
sh-603317,-1.1825,-10.349801658853231,-1.5763522263173568,-1.0672273389908504,107.0,56.0,2.0,0.0,-2.050473186119872,-2.5373420145538006,-2.294210858836565,19.0,18.5,./results/plots/./data/raw/outsample\history_stock_sh-603317.csv.html
sz-002966,0.45999999999999996,5.427631578947369,-0.1299870012998694,-0.06548287089520599,26.0,11.285714285714286,1.0,100.0,7.718120805369133,7.718120805369133,7.718120805369133,88.0,88.0,./results/plots/./data/raw/outsample\history_stock_sz-002966.csv.html
sh-600260,0.0,-7.500000000000007,-0.0,,,,0.0,,,,,,,./results/plots/./data/raw/outsample\history_stock_sh-600260.csv.html
sz-300070,0.63,4.905660377358487,-0.2281293394167827,-0.12441461434612167,40.0,17.25,1.0,100.0,12.830957230142559,12.830957230142559,12.830957230142559,68.0,68.0,./results/plots/./data/raw/outsample\history_stock_sz-300070.csv.html
sz-002408,0.0,-7.512315270935954,-0.0,,,,0.0,,,,,,,./results/plots/./data/raw/outsample\history_stock_sz-002408.csv.html
sh-600664,0.0,-3.020134228187915,-0.0,,,,0.0,,,,,,,./results/plots/./data/raw/outsample\history_stock_sh-600664.csv.html
sh-603355,0.0,24.35691318327975,-0.0,,,,0.0,,,,,,,./results/plots/./data/raw/outsample\history_stock_sh-603355.csv.html
sz-000717,0.0,-2.011494252873559,-0.0,,,,0.0,,,,,,,./results/plots/./data/raw/outsample\history_stock_sz-000717.csv.html
sz-000027,0.1,-1.6923076923076972,-0.09982032341784297,-0.041373508135192756,7.0,4.142857142857143,1.0,100.0,1.5847860538827252,1.5847860538827252,1.5847860538827252,34.0,34.0,./results/plots/./data/raw/outsample\history_stock_sz-000027.csv.html
sz-002128,0.0,-4.58124552612742,-0.0,,,,0.0,,,,,,,./results/plots/./data/raw/outsample\history_stock_sz-002128.csv.html
sz-000301,0.0,13.725490196078427,-0.0,,,,0.0,,,,,,,./results/plots/./data/raw/outsample\history_stock_sz-000301.csv.html
sz-002603,-0.7345000000000073,-7.271207689093181,-0.9721667996807737,-0.5060833998403846,38.0,20.5,2.0,0.0,-0.582176444245408,-2.500000000000002,-1.545757853274432,11.0,7.0,./results/plots/./data/raw/outsample\history_stock_sz-002603.csv.html
sh-603198,-2.7372500000000035,-14.62345389071551,-3.473753010146907,-2.6890618893824936,122.0,68.0,3.0,33.33333333333333,0.2928793703093513,-2.499999999999991,-1.560867821157308,41.0,27.0,./results/plots/./data/raw/outsample\history_stock_sh-603198.csv.html
sz-002294,-2.3575,-13.99427344309234,-2.552904771411457,-1.4311738870033952,124.0,68.0,4.0,0.0,-1.4367816091953922,-2.6550695825049653,-2.2929197157588344,71.0,32.0,./results/plots/./data/raw/outsample\history_stock_sz-002294.csv.html
sh-600064,-3.6652500000000146,-40.072529465095194,-3.7841147655703455,-3.7841147655703455,91.0,91.0,4.0,25.0,1.3740458015267132,-32.758620689655174,-10.247487060588345,41.0,15.5,./results/plots/./data/raw/outsample\history_stock_sh-600064.csv.html
sh-600376,-0.10950000000000727,-11.332007952286286,-0.1194880511948826,-0.1194880511948826,81.0,81.0,1.0,0.0,-2.499999999999991,-2.499999999999991,-2.499999999999991,2.0,2.0,./results/plots/./data/raw/outsample\history_stock_sh-600376.csv.html
sh-600528,0.0,5.159705159705159,-0.0,,,,0.0,,,,,,,./results/plots/./data/raw/outsample\history_stock_sh-600528.csv.html
sz-000878,0.0,1.861702127659582,-0.0,,,,0.0,,,,,,,./results/plots/./data/raw/outsample\history_stock_sz-000878.csv.html
sz-002048,0.0,7.353865493400366,-0.0,,,,0.0,,,,,,,./results/plots/./data/raw/outsample\history_stock_sz-002048.csv.html
sh-600859,-1.2825,-15.128712871287131,-1.5973883572567793,-1.5973883572567793,133.0,133.0,3.0,0.0,-0.5537609598523341,-2.500000000000002,-1.855523045118479,43.0,20.666666666666668,./results/plots/./data/raw/outsample\history_stock_sh-600859.csv.html
sz-002299,1.8800000000000001,2.860114404576187,-0.7405242131930279,-0.32130978482670935,13.0,6.25,1.0,100.0,10.573678290213717,10.573678290213717,10.573678290213717,41.0,41.0,./results/plots/./data/raw/outsample\history_stock_sz-002299.csv.html
sz-002920,0.0,35.17260501871621,-0.0,,,,0.0,,,,,,,./results/plots/./data/raw/outsample\history_stock_sz-002920.csv.html
sh-601298,0.09,0.0,-0.059910134797802606,-0.027963948044367193,18.0,6.6,1.0,100.0,1.6728624535315983,1.6728624535315983,1.6728624535315983,79.0,79.0,./results/plots/./data/raw/outsample\history_stock_sh-601298.csv.html
sz-002375,-0.12450000000000727,-4.296874999999996,-0.4438785700020098,-0.2643912832958284,52.0,32.666666666666664,3.0,33.33333333333333,3.157894736842115,-3.0873493975903665,-0.8492844744250827,84.0,33.666666666666664,./results/plots/./data/raw/outsample\history_stock_sz-002375.csv.html
sh-601718,0.0,10.932475884244383,-0.0,,,,0.0,,,,,,,./results/plots/./data/raw/outsample\history_stock_sh-601718.csv.html
sz-300482,0.0,-8.239333006375672,-0.0,,,,0.0,,,,,,,./results/plots/./data/raw/outsample\history_stock_sz-300482.csv.html
sz-002028,0.0,26.855832616795634,-0.0,,,,0.0,,,,,,,./results/plots/./data/raw/outsample\history_stock_sz-002028.csv.html
sh-600563,0.0,0.27363064663241954,-0.0,,,,0.0,,,,,,,./results/plots/./data/raw/outsample\history_stock_sh-600563.csv.html
sh-600259,0.0,-5.592885375494068,-0.0,,,,0.0,,,,,,,./results/plots/./data/raw/outsample\history_stock_sh-600259.csv.html
sz-002458,0.0,-1.7970401691332103,-0.0,,,,0.0,,,,,,,./results/plots/./data/raw/outsample\history_stock_sz-002458.csv.html
sh-600567,0.0,0.724637681159421,-0.0,,,,0.0,,,,,,,./results/plots/./data/raw/outsample\history_stock_sh-600567.csv.html
sh-600699,-0.3635000000000036,34.01741293532341,-0.8887894160947041,-0.4656067607648103,127.0,46.333333333333336,1.0,0.0,-2.500000000000002,-2.500000000000002,-2.500000000000002,27.0,27.0,./results/plots/./data/raw/outsample\history_stock_sh-600699.csv.html
sz-000090,-0.14975000000000363,-16.497829232995667,-0.18967413034786107,-0.18967413034786107,126.0,126.0,1.0,0.0,-2.500000000000002,-2.500000000000002,-2.500000000000002,7.0,7.0,./results/plots/./data/raw/outsample\history_stock_sz-000090.csv.html
sh-600446,0.0,-7.204610951008646,-0.0,,,,0.0,,,,,,,./results/plots/./data/raw/outsample\history_stock_sh-600446.csv.html
sz-000598,0.0,-1.3565891472868272,-0.0,,,,0.0,,,,,,,./results/plots/./data/raw/outsample\history_stock_sz-000598.csv.html
sh-600575,0.0,3.2258064516129057,-0.0,,,,0.0,,,,,,,./results/plots/./data/raw/outsample\history_stock_sh-600575.csv.html
sh-600329,-0.29,-8.429752066115698,-0.29000000000000137,-0.29000000000000137,4.0,4.0,1.0,0.0,-1.2923351158645402,-1.2923351158645402,-1.2923351158645402,4.0,4.0,./results/plots/./data/raw/outsample\history_stock_sh-600329.csv.html
sz-002038,0.4,-1.4507772020725447,-0.3771712158808893,-0.10660670278920575,35.0,10.0,1.0,100.0,4.376367614879628,4.376367614879628,4.376367614879628,80.0,80.0,./results/plots/./data/raw/outsample\history_stock_sz-002038.csv.html
sz-300257,0.0,3.1649831649831692,-0.0,,,,0.0,,,,,,,./results/plots/./data/raw/outsample\history_stock_sz-300257.csv.html
sz-002390,0.0,-23.73595505617978,-0.0,,,,0.0,,,,,,,./results/plots/./data/raw/outsample\history_stock_sz-002390.csv.html
sz-002941,0.0,-6.010230179028141,-0.0,,,,0.0,,,,,,,./results/plots/./data/raw/outsample\history_stock_sz-002941.csv.html
sz-000750,0.0,-4.407713498622582,-0.0,,,,0.0,,,,,,,./results/plots/./data/raw/outsample\history_stock_sz-000750.csv.html
sz-002563,-0.09,-9.507640067911709,-0.20979020979020602,-0.08244380357221581,62.0,20.0,1.0,0.0,-1.6574585635359074,-1.6574585635359074,-1.6574585635359074,84.0,84.0,./results/plots/./data/raw/outsample\history_stock_sz-002563.csv.html
sh-600256,-0.2710000000000036,-3.2835820895522394,-0.4104254044338007,-0.20341021920155708,105.0,37.666666666666664,1.0,0.0,-2.920258620689642,-2.920258620689642,-2.920258620689642,12.0,12.0,./results/plots/./data/raw/outsample\history_stock_sh-600256.csv.html
sh-600782,-0.23525000000001456,-10.37924151696606,-0.2851074462768777,-0.1525527232384305,109.0,56.0,2.0,0.0,-2.500000000000002,-2.5000000000000133,-2.500000000000002,41.0,30.5,./results/plots/./data/raw/outsample\history_stock_sh-600782.csv.html
sz-000028,0.44999999999999996,-2.8581035642232613,-0.8982331457901505,-0.15460092836149908,47.0,7.5,1.0,100.0,1.5811665495432115,1.5811665495432115,1.5811665495432115,80.0,80.0,./results/plots/./data/raw/outsample\history_stock_sz-000028.csv.html
sh-601168,0.0,-3.2730404823428,-0.0,,,,0.0,,,,,,,./results/plots/./data/raw/outsample\history_stock_sh-601168.csv.html
sz-002340,0.0,7.726269315673282,-0.0,,,,0.0,,,,,,,./results/plots/./data/raw/outsample\history_stock_sz-002340.csv.html
sz-000825,-0.25774999999999637,-9.023941068139951,-0.25775000000000103,-0.25775000000000103,91.0,91.0,2.0,0.0,-2.499999999999991,-2.620967741935487,-2.560502643120688,7.0,5.5,./results/plots/./data/raw/outsample\history_stock_sz-000825.csv.html
sh-600804,0.0,1.4409221902017237,-0.0,,,,0.0,,,,,,,./results/plots/./data/raw/outsample\history_stock_sh-600804.csv.html
sh-600572,0.0,-3.6036036036036063,-0.0,,,,0.0,,,,,,,./results/plots/./data/raw/outsample\history_stock_sh-600572.csv.html
sh-601003,-0.10850000000000365,-5.472636815920392,-0.2283401618866865,-0.08277972066222569,110.0,38.0,2.0,0.0,-0.2631578947368318,-2.500000000000002,-1.3879210985633939,84.0,56.5,./results/plots/./data/raw/outsample\history_stock_sh-601003.csv.html
sz-002051,-0.2525,-7.411630558722923,-0.32227440791445794,-0.17613720395722732,28.0,17.0,2.0,0.0,-0.4895960832313251,-2.500000000000002,-1.4999269955349392,30.0,16.0,./results/plots/./data/raw/outsample\history_stock_sz-002051.csv.html
sh-600171,0.0,-11.609715932482505,-0.0,,,,0.0,,,,,,,./results/plots/./data/raw/outsample\history_stock_sh-600171.csv.html
sh-600026,-0.43774999999999636,27.721774193548388,-0.4377499999999923,-0.4377499999999923,135.0,135.0,2.0,0.0,-2.391786903440629,-2.5000000000000133,-2.445908456310575,13.0,7.0,./results/plots/./data/raw/outsample\history_stock_sh-600026.csv.html
sz-300017,0.0,-1.1235955056179703,-0.0,,,,0.0,,,,,,,./results/plots/./data/raw/outsample\history_stock_sz-300017.csv.html
sh-600811,0.0,1.413427561837457,-0.0,,,,0.0,,,,,,,./results/plots/./data/raw/outsample\history_stock_sh-600811.csv.html
sz-001914,0.0,-11.663066954643629,-0.0,,,,0.0,,,,,,,./results/plots/./data/raw/outsample\history_stock_sz-001914.csv.html
sz-300618,-5.229750000000022,-6.597222222222229,-5.469750000000017,-5.469750000000017,126.0,126.0,4.0,0.0,-1.1513157894736725,-2.6067240031274475,-2.1995404556847786,63.0,18.75,./results/plots/./data/raw/outsample\history_stock_sz-300618.csv.html
sh-600623,0.06,-10.69711538461539,-0.25948103792414745,-0.11485922957967243,56.0,17.833333333333332,1.0,100.0,0.8130081300813163,0.8130081300813163,0.8130081300813163,116.0,116.0,./results/plots/./data/raw/outsample\history_stock_sh-600623.csv.html
sh-600598,0.0,-5.521885521885523,-0.0,,,,0.0,,,,,,,./results/plots/./data/raw/outsample\history_stock_sh-600598.csv.html
sh-600582,0.0,7.478632478632491,-0.0,,,,0.0,,,,,,,./results/plots/./data/raw/outsample\history_stock_sh-600582.csv.html
sz-300207,0.0,-5.774278215223102,-0.0,,,,0.0,,,,,,,./results/plots/./data/raw/outsample\history_stock_sz-300207.csv.html
sh-600388,0.3,-6.119287374128589,-1.0597207091215255,-0.37451441762072213,93.0,27.5,1.0,100.0,2.525252525252508,2.525252525252508,2.525252525252508,116.0,116.0,./results/plots/./data/raw/outsample\history_stock_sh-600388.csv.html
sz-002183,-0.22999999999999998,-9.49720670391061,-0.5581580783414752,-0.3323559291030934,96.0,43.666666666666664,1.0,0.0,-3.522205206738138,-3.522205206738138,-3.522205206738138,57.0,57.0,./results/plots/./data/raw/outsample\history_stock_sz-002183.csv.html
sh-600875,0.0,5.677655677655676,-0.0,,,,0.0,,,,,,,./results/plots/./data/raw/outsample\history_stock_sh-600875.csv.html
sh-600556,-0.18649999999999636,-4.400977995110018,-0.3260435390453287,-0.24796231114352918,99.0,54.5,1.0,0.0,-2.500000000000002,-2.500000000000002,-2.500000000000002,30.0,30.0,./results/plots/./data/raw/outsample\history_stock_sh-600556.csv.html
sh-600808,-0.33399999999999636,-16.97612732095491,-0.39326600672600076,-0.1309383027239014,56.0,18.75,3.0,0.0,-2.207207207207207,-4.802259887005644,-3.176814289590746,24.0,10.666666666666666,./results/plots/./data/raw/outsample\history_stock_sh-600808.csv.html
sh-603983,0.0,-3.945371775417296,-0.0,,,,0.0,,,,,,,./results/plots/./data/raw/outsample\history_stock_sh-603983.csv.html
sz-300166,0.0,-2.594594594594597,-0.0,,,,0.0,,,,,,,./results/plots/./data/raw/outsample\history_stock_sz-300166.csv.html
sh-601699,0.0,-3.1645569620253235,-0.0,,,,0.0,,,,,,,./results/plots/./data/raw/outsample\history_stock_sh-601699.csv.html
sh-600126,0.0,-5.294117647058815,-0.0,,,,0.0,,,,,,,./results/plots/./data/raw/outsample\history_stock_sh-600126.csv.html
sz-002468,0.0,-1.5637860082304487,-0.0,,,,0.0,,,,,,,./results/plots/./data/raw/outsample\history_stock_sz-002468.csv.html
sh-600839,0.0,1.0169491525423662,-0.0,,,,0.0,,,,,,,./results/plots/./data/raw/outsample\history_stock_sh-600839.csv.html
sh-601016,0.0,11.680327868852466,-0.0,,,,0.0,,,,,,,./results/plots/./data/raw/outsample\history_stock_sh-601016.csv.html
sh-600312,0.0,5.018359853121177,-0.0,,,,0.0,,,,,,,./results/plots/./data/raw/outsample\history_stock_sh-600312.csv.html
sz-002013,0.0,-3.824247355573628,-0.0,,,,0.0,,,,,,,./results/plots/./data/raw/outsample\history_stock_sz-002013.csv.html
sz-000997,0.0,14.533132530120493,-0.0,,,,0.0,,,,,,,./results/plots/./data/raw/outsample\history_stock_sz-000997.csv.html
sz-300002,-0.09850000000000364,2.926829268292686,-0.16838213250724987,-0.08611571619950484,121.0,47.666666666666664,1.0,0.0,-2.500000000000002,-2.500000000000002,-2.500000000000002,41.0,41.0,./results/plots/./data/raw/outsample\history_stock_sz-300002.csv.html
sz-002797,0.0,-6.870229007633591,-0.0,,,,0.0,,,,,,,./results/plots/./data/raw/outsample\history_stock_sz-002797.csv.html
sz-000050,0.0,-3.857566765578623,-0.0,,,,0.0,,,,,,,./results/plots/./data/raw/outsample\history_stock_sz-000050.csv.html
sh-600158,0.0,-0.7317073170731552,-0.0,,,,0.0,,,,,,,./results/plots/./data/raw/outsample\history_stock_sh-600158.csv.html
sh-600037,-0.2275,-4.4038668098818485,-0.2275000000000027,-0.2275000000000027,83.0,83.0,1.0,0.0,-2.6119402985074758,-2.6119402985074758,-2.6119402985074758,3.0,3.0,./results/plots/./data/raw/outsample\history_stock_sh-600037.csv.html
sh-603260,0.0,-18.679589131875414,-0.0,,,,0.0,,,,,,,./results/plots/./data/raw/outsample\history_stock_sh-603260.csv.html
sh-603885,0.0,-13.639001741149157,-0.0,,,,0.0,,,,,,,./results/plots/./data/raw/outsample\history_stock_sh-603885.csv.html
sz-002419,0.0,-13.714285714285715,-0.0,,,,0.0,,,,,,,./results/plots/./data/raw/outsample\history_stock_sz-002419.csv.html
sz-002705,3.42,5.666511843938685,-1.116780591123523,-0.40671166298974737,24.0,9.0,1.0,100.0,17.61978361669241,17.61978361669241,17.61978361669241,89.0,89.0,./results/plots/./data/raw/outsample\history_stock_sz-002705.csv.html
sh-600153,-0.29100000000000364,-13.74807987711213,-1.5317005727829347,-0.3313784341114084,102.0,18.428571428571427,1.0,0.0,-2.500000000000002,-2.500000000000002,-2.500000000000002,86.0,86.0,./results/plots/./data/raw/outsample\history_stock_sh-600153.csv.html
sz-000807,0.0,3.6119711042311624,-0.0,,,,0.0,,,,,,,./results/plots/./data/raw/outsample\history_stock_sz-000807.csv.html
sh-603225,0.0,-12.914485165794067,-0.0,,,,0.0,,,,,,,./results/plots/./data/raw/outsample\history_stock_sh-603225.csv.html
sh-600729,0.0,3.1885397412199525,-0.0,,,,0.0,,,,,,,./results/plots/./data/raw/outsample\history_stock_sh-600729.csv.html
sz-300113,0.0,-13.421052631578942,-0.0,,,,0.0,,,,,,,./results/plots/./data/raw/outsample\history_stock_sz-300113.csv.html
sz-000060,0.0,0.9049773755656116,-0.0,,,,0.0,,,,,,,./results/plots/./data/raw/outsample\history_stock_sz-000060.csv.html
sh-600022,0.0,-2.890173410404627,-0.0,,,,0.0,,,,,,,./results/plots/./data/raw/outsample\history_stock_sh-600022.csv.html
sh-603737,0.0,-16.73866938967874,-0.0,,,,0.0,,,,,,,./results/plots/./data/raw/outsample\history_stock_sh-603737.csv.html
sh-600006,0.0,-1.6483516483516498,-0.0,,,,0.0,,,,,,,./results/plots/./data/raw/outsample\history_stock_sh-600006.csv.html
sh-600642,0.0,1.9097222222222279,-0.0,,,,0.0,,,,,,,./results/plots/./data/raw/outsample\history_stock_sh-600642.csv.html
sz-002185,0.0,-5.24064171122995,-0.0,,,,0.0,,,,,,,./results/plots/./data/raw/outsample\history_stock_sz-002185.csv.html
sh-600195,0.0,-10.372129849564532,-0.0,,,,0.0,,,,,,,./results/plots/./data/raw/outsample\history_stock_sh-600195.csv.html
sz-002266,0.0,-2.079002079002072,-0.0,,,,0.0,,,,,,,./results/plots/./data/raw/outsample\history_stock_sz-002266.csv.html
sz-002985,0.0,4.631542699724527,-0.0,,,,0.0,,,,,,,./results/plots/./data/raw/outsample\history_stock_sz-002985.csv.html
sz-300182,0.0,-1.8018018018017956,-0.0,,,,0.0,,,,,,,./results/plots/./data/raw/outsample\history_stock_sz-300182.csv.html
sz-300146,0.0,-14.166279609846727,-0.0,,,,0.0,,,,,,,./results/plots/./data/raw/outsample\history_stock_sz-300146.csv.html
sh-600867,0.0,-7.218479307025986,-0.0,,,,0.0,,,,,,,./results/plots/./data/raw/outsample\history_stock_sh-600867.csv.html
sh-600338,0.0,-0.7947477539737402,-0.0,,,,0.0,,,,,,,./results/plots/./data/raw/outsample\history_stock_sh-600338.csv.html
sh-600348,0.0,42.00000000000001,-0.0,,,,0.0,,,,,,,./results/plots/./data/raw/outsample\history_stock_sh-600348.csv.html
sh-603228,0.0,-5.6731583403895,-0.0,,,,0.0,,,,,,,./results/plots/./data/raw/outsample\history_stock_sh-603228.csv.html
sh-600053,0.0,4.744300677757237,-0.0,,,,0.0,,,,,,,./results/plots/./data/raw/outsample\history_stock_sh-600053.csv.html
sh-601689,0.0,30.940170940170937,-0.0,,,,0.0,,,,,,,./results/plots/./data/raw/outsample\history_stock_sh-601689.csv.html
sz-300223,2.8772499999999854,-14.784276126558007,-3.80904250073959,-1.6114225971881762,106.0,38.0,2.0,50.0,6.088714472588874,-2.500000000000002,1.7037347449808005,30.0,22.0,./results/plots/./data/raw/outsample\history_stock_sz-300223.csv.html
sh-600549,0.0,22.77498858968507,-0.0,,,,0.0,,,,,,,./results/plots/./data/raw/outsample\history_stock_sh-600549.csv.html
sh-603786,0.0,17.18698652645415,-0.0,,,,0.0,,,,,,,./results/plots/./data/raw/outsample\history_stock_sh-603786.csv.html
sz-000636,0.79,-6.081808396124861,-0.5625185038981573,-0.23561463197198929,15.0,8.75,1.0,100.0,4.713603818615741,4.713603818615741,4.713603818615741,37.0,37.0,./results/plots/./data/raw/outsample\history_stock_sz-000636.csv.html
sh-600645,0.0,-7.069143446852412,-0.0,,,,0.0,,,,,,,./results/plots/./data/raw/outsample\history_stock_sh-600645.csv.html
sz-002807,0.0,8.203991130820402,-0.0,,,,0.0,,,,,,,./results/plots/./data/raw/outsample\history_stock_sz-002807.csv.html
sh-600529,0.0,-6.091006807595841,-0.0,,,,0.0,,,,,,,./results/plots/./data/raw/outsample\history_stock_sh-600529.csv.html
sz-002701,0.0,-2.316602316602319,-0.0,,,,0.0,,,,,,,./results/plots/./data/raw/outsample\history_stock_sz-002701.csv.html
sh-600339,0.0,0.0,-0.0,,,,0.0,,,,,,,./results/plots/./data/raw/outsample\history_stock_sh-600339.csv.html
sz-002936,0.0,-3.7174721189591113,-0.03998800359892307,-0.01999475157452857,56.0,17.5,1.0,0.0,0.0,0.0,0.0,81.0,81.0,./results/plots/./data/raw/outsample\history_stock_sz-002936.csv.html
sh-600787,0.0,-1.5901060070671353,-0.0,,,,0.0,,,,,,,./results/plots/./data/raw/outsample\history_stock_sh-600787.csv.html
sz-300496,0.0,10.225598883634387,-0.0,,,,0.0,,,,,,,./results/plots/./data/raw/outsample\history_stock_sz-300496.csv.html
sh-601200,0.0,-2.4295432458697768,-0.0,,,,0.0,,,,,,,./results/plots/./data/raw/outsample\history_stock_sh-601200.csv.html
sz-000685,-0.02,-4.113110539845763,-0.099930048965724,-0.06996227191168602,28.0,11.75,1.0,0.0,-0.2677376171351997,-0.2677376171351997,-0.2677376171351997,51.0,51.0,./results/plots/./data/raw/outsample\history_stock_sz-000685.csv.html
sh-600167,0.0,-1.5873015873015772,-0.0,,,,0.0,,,,,,,./results/plots/./data/raw/outsample\history_stock_sh-600167.csv.html
sh-601860,0.06,-2.0833333333333353,-0.05992808629644575,-0.025981118490524535,20.0,6.0,1.0,100.0,2.1739130434782705,2.1739130434782705,2.1739130434782705,83.0,83.0,./results/plots/./data/raw/outsample\history_stock_sh-601860.csv.html
sh-600073,-0.13,-7.471980074719797,-0.31942503493711527,-0.12484226912604368,62.0,20.0,1.0,0.0,-1.7127799736495364,-1.7127799736495364,-1.7127799736495364,82.0,82.0,./results/plots/./data/raw/outsample\history_stock_sh-600073.csv.html
sz-002670,0.0,-16.983016983016977,-0.0,,,,0.0,,,,,,,./results/plots/./data/raw/outsample\history_stock_sz-002670.csv.html
sz-000564,0.0,3.0000000000000027,-0.0,,,,0.0,,,,,,,./results/plots/./data/raw/outsample\history_stock_sz-000564.csv.html
sh-600871,0.0,0.5319148936170218,-0.0,,,,0.0,,,,,,,./results/plots/./data/raw/outsample\history_stock_sh-600871.csv.html
sh-600885,0.0,1.9101959811461078,-0.0,,,,0.0,,,,,,,./results/plots/./data/raw/outsample\history_stock_sh-600885.csv.html
sh-601098,0.18,-5.4140127388535015,-0.2191890006974173,-0.070817096840049,24.0,7.5,1.0,100.0,2.054794520547931,2.054794520547931,2.054794520547931,86.0,86.0,./results/plots/./data/raw/outsample\history_stock_sh-601098.csv.html
sh-603444,0.0,-8.752088420511505,-0.0,,,,0.0,,,,,,,./results/plots/./data/raw/outsample\history_stock_sh-603444.csv.html
sz-002434,0.0,20.28301886792451,-0.0,,,,0.0,,,,,,,./results/plots/./data/raw/outsample\history_stock_sz-002434.csv.html
sz-000983,-0.45999999999999996,-9.217660728117734,-0.9378429611892614,-0.4524413330378045,107.0,38.666666666666664,2.0,50.0,1.3757523645743674,-4.9719326383319995,-1.8493921336166785,47.0,30.5,./results/plots/./data/raw/outsample\history_stock_sz-000983.csv.html
sh-601000,0.0,1.9531249999999931,-0.0,,,,0.0,,,,,,,./results/plots/./data/raw/outsample\history_stock_sh-601000.csv.html
sh-603589,0.0,-12.806681746998432,-0.0,,,,0.0,,,,,,,./results/plots/./data/raw/outsample\history_stock_sh-603589.csv.html
sz-002818,0.0,-6.2449959967974324,-0.0,,,,0.0,,,,,,,./results/plots/./data/raw/outsample\history_stock_sz-002818.csv.html
sz-002544,0.0,10.806023029229413,-0.0,,,,0.0,,,,,,,./results/plots/./data/raw/outsample\history_stock_sz-002544.csv.html
sh-603077,-0.04,-8.27423167848701,-0.07000000000000339,-0.050000000000000044,33.0,12.25,1.0,0.0,-1.0126582278481067,-1.0126582278481067,-1.0126582278481067,48.0,48.0,./results/plots/./data/raw/outsample\history_stock_sh-603077.csv.html
sh-600038,0.0,-2.922293557671021,-0.0,,,,0.0,,,,,,,./results/plots/./data/raw/outsample\history_stock_sh-600038.csv.html
sh-603888,0.0,-1.4076246334310967,-0.0,,,,0.0,,,,,,,./results/plots/./data/raw/outsample\history_stock_sh-603888.csv.html
sz-002273,0.0,0.580912863070527,-0.0,,,,0.0,,,,,,,./results/plots/./data/raw/outsample\history_stock_sz-002273.csv.html
sh-601099,0.0,-6.354515050167237,-0.0,,,,0.0,,,,,,,./results/plots/./data/raw/outsample\history_stock_sh-601099.csv.html
sh-600827,0.0,-11.917494270435451,-0.0,,,,0.0,,,,,,,./results/plots/./data/raw/outsample\history_stock_sh-600827.csv.html
sz-000990,0.0,-7.846715328467163,-0.0,,,,0.0,,,,,,,./results/plots/./data/raw/outsample\history_stock_sz-000990.csv.html
sz-002372,-1.0452500000000147,-16.9061707523246,-1.5590550004110693,-0.613642252536033,73.0,22.8,3.0,0.0,-0.05073566717402889,-2.500000000000002,-1.6903210655657697,45.0,36.0,./results/plots/./data/raw/outsample\history_stock_sz-002372.csv.html
sz-002815,0.0,-1.7120622568093298,-0.0,,,,0.0,,,,,,,./results/plots/./data/raw/outsample\history_stock_sz-002815.csv.html
sh-603927,0.0,0.7765314926660902,-0.0,,,,0.0,,,,,,,./results/plots/./data/raw/outsample\history_stock_sh-603927.csv.html
sh-601233,0.21,-9.016393442622949,-0.6642871306761888,-0.1570989124432376,56.0,12.166666666666666,1.0,100.0,1.4685314685314532,1.4685314685314532,1.4685314685314532,79.0,79.0,./results/plots/./data/raw/outsample\history_stock_sh-601233.csv.html
sh-600008,0.0,0.6849315068493157,-0.0,,,,0.0,,,,,,,./results/plots/./data/raw/outsample\history_stock_sh-600008.csv.html
sh-600460,-0.05,-19.144800777453842,-0.04999999999999449,-0.04999999999999449,2.0,2.0,1.0,0.0,-0.11990407673861947,-0.11990407673861947,-0.11990407673861947,1.0,1.0,./results/plots/./data/raw/outsample\history_stock_sh-600460.csv.html
sz-300009,-0.23475000000000362,-9.871668311944717,-0.4438179822373045,-0.4438179822373045,37.0,37.0,1.0,0.0,-2.500000000000002,-2.500000000000002,-2.500000000000002,38.0,38.0,./results/plots/./data/raw/outsample\history_stock_sz-300009.csv.html
sz-002396,1.1352499999999963,-0.6178287731685814,-1.0037863411249792,-0.46489414139758484,56.0,19.6,2.0,50.0,8.053691275167774,-2.5455607476635334,2.6173079571207403,81.0,50.5,./results/plots/./data/raw/outsample\history_stock_sz-002396.csv.html
sz-000559,0.0,11.336717428087985,-0.0,,,,0.0,,,,,,,./results/plots/./data/raw/outsample\history_stock_sz-000559.csv.html
sz-000089,0.0,-7.422402159244262,-0.0,,,,0.0,,,,,,,./results/plots/./data/raw/outsample\history_stock_sz-000089.csv.html
sh-600580,0.0,4.697508896797154,-0.0,,,,0.0,,,,,,,./results/plots/./data/raw/outsample\history_stock_sh-600580.csv.html
sh-600188,0.0,-3.7056504599211477,-0.0,,,,0.0,,,,,,,./results/plots/./data/raw/outsample\history_stock_sh-600188.csv.html
sh-688002,0.0,-2.011346054667357,-0.0,,,,0.0,,,,,,,./results/plots/./data/raw/outsample\history_stock_sh-688002.csv.html
sz-300012,-0.5314999999999964,-11.038961038961041,-0.5314999999999959,-0.5314999999999959,109.0,109.0,1.0,0.0,-2.500000000000002,-2.500000000000002,-2.500000000000002,12.0,12.0,./results/plots/./data/raw/outsample\history_stock_sz-300012.csv.html
sz-002839,0.0,2.857142857142864,-0.0,,,,0.0,,,,,,,./results/plots/./data/raw/outsample\history_stock_sz-002839.csv.html
sz-300271,-0.18174999999999272,-6.797385620915039,-0.2216613354658059,-0.19083066773290525,126.0,74.5,1.0,0.0,-2.500000000000002,-2.500000000000002,-2.500000000000002,29.0,29.0,./results/plots/./data/raw/outsample\history_stock_sz-300271.csv.html
sh-600392,1.13,-6.278229448961159,-0.5996264622038727,-0.28013696959713896,16.0,7.166666666666667,1.0,100.0,5.750636132315545,5.750636132315545,5.750636132315545,46.0,46.0,./results/plots/./data/raw/outsample\history_stock_sh-600392.csv.html
sz-000630,0.04,-6.191950464396291,-0.08989212944466862,-0.03396104520712484,52.0,15.2,1.0,100.0,1.342281879194629,1.342281879194629,1.342281879194629,79.0,79.0,./results/plots/./data/raw/outsample\history_stock_sz-000630.csv.html
sh-601512,0.32,-4.120267260579076,-0.109572666600255,-0.03987685913410154,24.0,6.2727272727272725,1.0,100.0,3.8415366146458574,3.8415366146458574,3.8415366146458574,80.0,80.0,./results/plots/./data/raw/outsample\history_stock_sh-601512.csv.html
sz-002424,0.0,1.182654402102495,-0.0,,,,0.0,,,,,,,./results/plots/./data/raw/outsample\history_stock_sz-002424.csv.html
sh-600779,0.0,-21.543196306880642,-0.0,,,,0.0,,,,,,,./results/plots/./data/raw/outsample\history_stock_sh-600779.csv.html
sz-300001,0.0,10.523255813953503,-0.0,,,,0.0,,,,,,,./results/plots/./data/raw/outsample\history_stock_sz-300001.csv.html
sh-600643,0.0,-1.346801346801348,-0.0,,,,0.0,,,,,,,./results/plots/./data/raw/outsample\history_stock_sh-600643.csv.html
sz-000415,0.0,-1.3698630136986212,-0.0,,,,0.0,,,,,,,./results/plots/./data/raw/outsample\history_stock_sz-000415.csv.html
sh-600903,0.0,4.955527318932652,-0.0,,,,0.0,,,,,,,./results/plots/./data/raw/outsample\history_stock_sh-600903.csv.html
sz-002368,-0.44524999999999637,1.8181818181818257,-0.5645725129844181,-0.3771818713159014,109.0,56.0,1.0,0.0,-2.5000000000000133,-2.5000000000000133,-2.5000000000000133,18.0,18.0,./results/plots/./data/raw/outsample\history_stock_sz-002368.csv.html
sz-300058,-0.15200000000000727,-7.906976744186044,-0.4208636680961497,-0.29034393074170994,126.0,71.0,1.0,0.0,-2.500000000000002,-2.500000000000002,-2.500000000000002,41.0,41.0,./results/plots/./data/raw/outsample\history_stock_sz-300058.csv.html
sz-002640,0.0,-7.339449541284409,-0.0,,,,0.0,,,,,,,./results/plots/./data/raw/outsample\history_stock_sz-002640.csv.html
sz-000826,0.0,25.7234726688103,-0.0,,,,0.0,,,,,,,./results/plots/./data/raw/outsample\history_stock_sz-000826.csv.html
sh-601865,0.0,9.74893162393164,-0.0,,,,0.0,,,,,,,./results/plots/./data/raw/outsample\history_stock_sh-601865.csv.html
sz-000061,0.05149999999999636,-3.0645161290322642,-0.17987139195475566,-0.08166401449125171,57.0,16.0,2.0,50.0,3.2590051457976,-2.3355817875210683,0.4227596850618909,79.0,41.0,./results/plots/./data/raw/outsample\history_stock_sz-000061.csv.html
sh-600657,0.05350000000000364,-12.518409425625915,-1.145503169572104,-0.2755965427695647,88.0,18.0,2.0,50.0,3.472222222222232,-2.5000000000000133,0.4417326944665234,53.0,43.0,./results/plots/./data/raw/outsample\history_stock_sh-600657.csv.html
sz-000623,0.0,-2.0325203252032447,-0.0,,,,0.0,,,,,,,./results/plots/./data/raw/outsample\history_stock_sz-000623.csv.html
sh-600141,-1.0035000000000036,-16.000902730760558,-1.0035000000000016,-1.0035000000000016,119.0,119.0,1.0,0.0,-2.4523460410557196,-2.4523460410557196,-2.4523460410557196,7.0,7.0,./results/plots/./data/raw/outsample\history_stock_sh-600141.csv.html
sh-601828,-0.01,-13.17567567567568,-0.14983518130057272,-0.059950253921488,61.0,16.0,1.0,0.0,-0.19342359767891004,-0.19342359767891004,-0.19342359767891004,84.0,84.0,./results/plots/./data/raw/outsample\history_stock_sh-601828.csv.html
sh-600373,0.0,-6.24370594159113,-0.0,,,,0.0,,,,,,,./results/plots/./data/raw/outsample\history_stock_sh-600373.csv.html
sh-600917,0.0,11.55433287482806,-0.0,,,,0.0,,,,,,,./results/plots/./data/raw/outsample\history_stock_sh-600917.csv.html
sz-002465,0.0,-1.8660812294182212,-0.0,,,,0.0,,,,,,,./results/plots/./data/raw/outsample\history_stock_sz-002465.csv.html
sz-002583,0.0,10.855949895615858,-0.0,,,,0.0,,,,,,,./results/plots/./data/raw/outsample\history_stock_sz-002583.csv.html
sz-000009,-0.3004999999999927,1.570306923625986,-0.7075988447365678,-0.26791641990302345,62.0,14.125,1.0,0.0,-2.421434327155525,-2.421434327155525,-2.421434327155525,61.0,61.0,./results/plots/./data/raw/outsample\history_stock_sz-000009.csv.html
sh-600515,0.1,-6.231454005934717,-0.1097694840834218,-0.0456482651518272,32.0,10.857142857142858,1.0,100.0,3.2786885245901676,3.2786885245901676,3.2786885245901676,80.0,80.0,./results/plots/./data/raw/outsample\history_stock_sh-600515.csv.html
sh-601127,0.0,-3.8509942109237207,-0.0,,,,0.0,,,,,,,./results/plots/./data/raw/outsample\history_stock_sh-601127.csv.html
sz-000600,0.0,8.620689655172423,-0.0,,,,0.0,,,,,,,./results/plots/./data/raw/outsample\history_stock_sz-000600.csv.html
sh-600667,0.2,-3.337783711615487,-0.19948134849391286,-0.08731353451329471,34.0,12.5,1.0,100.0,2.8288543140028155,2.8288543140028155,2.8288543140028155,107.0,107.0,./results/plots/./data/raw/outsample\history_stock_sh-600667.csv.html
sz-002503,0.0,0.0,-0.0,,,,0.0,,,,,,,./results/plots/./data/raw/outsample\history_stock_sz-002503.csv.html
sz-300595,0.0,-15.43778801843318,-0.0,,,,0.0,,,,,,,./results/plots/./data/raw/outsample\history_stock_sz-300595.csv.html
sh-603858,0.0,-3.6641221374045747,-0.0,,,,0.0,,,,,,,./results/plots/./data/raw/outsample\history_stock_sh-603858.csv.html
sz-002010,-0.15625,-10.764430577223095,-0.21612032780331525,-0.08537144320092485,110.0,38.333333333333336,1.0,0.0,-2.6663822525597403,-2.6663822525597403,-2.6663822525597403,27.0,27.0,./results/plots/./data/raw/outsample\history_stock_sz-002010.csv.html
sz-300463,0.42,-10.244360902255638,-0.6136183689627872,-0.39399995766546125,16.0,9.5,1.0,100.0,2.243589743589758,2.243589743589758,2.243589743589758,41.0,41.0,./results/plots/./data/raw/outsample\history_stock_sz-300463.csv.html
sz-300324,0.58,12.389380530973447,-0.2191235059760932,-0.06760654269427131,46.0,13.88888888888889,1.0,100.0,17.901234567901227,17.901234567901227,17.901234567901227,145.0,145.0,./results/plots/./data/raw/outsample\history_stock_sz-300324.csv.html
sz-000021,0.0,1.819757365684583,-0.0,,,,0.0,,,,,,,./results/plots/./data/raw/outsample\history_stock_sz-000021.csv.html
sz-002075,0.0,-5.427974947807929,-0.0,,,,0.0,,,,,,,./results/plots/./data/raw/outsample\history_stock_sz-002075.csv.html
sz-300212,0.36,-0.34246575342465024,-0.4393409885172228,-0.24521863105981812,15.0,8.2,1.0,100.0,2.1015761821365997,2.1015761821365997,2.1015761821365997,43.0,43.0,./results/plots/./data/raw/outsample\history_stock_sz-300212.csv.html
sh-600546,0.0,-19.402173913043473,-0.0,,,,0.0,,,,,,,./results/plots/./data/raw/outsample\history_stock_sh-600546.csv.html
sz-002373,-0.2395000000000073,-4.570895522388061,-1.1293359762140853,-0.2594913964552597,118.0,20.428571428571427,1.0,0.0,-2.4022066198595704,-2.4022066198595704,-2.4022066198595704,58.0,58.0,./results/plots/./data/raw/outsample\history_stock_sz-002373.csv.html
sz-002152,0.0,-1.2889366272825025,-0.0,,,,0.0,,,,,,,./results/plots/./data/raw/outsample\history_stock_sz-002152.csv.html
sh-603816,0.0,-18.678414096916303,-0.0,,,,0.0,,,,,,,./results/plots/./data/raw/outsample\history_stock_sh-603816.csv.html
sh-603056,0.3,-0.22471910112359073,-0.6833036244800916,-0.22708539416673246,31.0,13.428571428571429,1.0,100.0,2.300613496932513,2.300613496932513,2.300613496932513,101.0,101.0,./results/plots/./data/raw/outsample\history_stock_sh-603056.csv.html
sz-002635,0.0,7.323076923076931,-0.0,,,,0.0,,,,,,,./results/plots/./data/raw/outsample\history_stock_sz-002635.csv.html
sh-601801,0.0,0.4175365344467552,-0.0,,,,0.0,,,,,,,./results/plots/./data/raw/outsample\history_stock_sh-601801.csv.html
sz-002416,-0.15,-7.264957264957263,-0.3791658351626426,-0.11269560532506068,46.0,11.0,1.0,0.0,-1.6949152542372947,-1.6949152542372947,-1.6949152542372947,80.0,80.0,./results/plots/./data/raw/outsample\history_stock_sz-002416.csv.html
sz-000012,0.0,-9.14051841746248,-0.0,,,,0.0,,,,,,,./results/plots/./data/raw/outsample\history_stock_sz-000012.csv.html
sz-000690,0.11,13.769751693002267,-0.14976038338657682,-0.1148322492242504,22.0,13.5,1.0,100.0,2.208835341365445,2.208835341365445,2.208835341365445,30.0,30.0,./results/plots/./data/raw/outsample\history_stock_sz-000690.csv.html
sh-600315,0.0,-15.358851674641135,-0.0,,,,0.0,,,,,,,./results/plots/./data/raw/outsample\history_stock_sh-600315.csv.html
sz-000681,0.0,-9.608540925266913,-0.0,,,,0.0,,,,,,,./results/plots/./data/raw/outsample\history_stock_sz-000681.csv.html
sz-000401,0.0,-8.095238095238091,-0.0,,,,0.0,,,,,,,./results/plots/./data/raw/outsample\history_stock_sz-000401.csv.html
sz-002085,0.0,29.63671128107074,-0.0,,,,0.0,,,,,,,./results/plots/./data/raw/outsample\history_stock_sz-002085.csv.html
sz-000937,0.16,-6.796116504854371,-0.1597922700489418,-0.09230994386418556,28.0,10.25,1.0,100.0,2.4242424242424176,2.4242424242424176,2.4242424242424176,46.0,46.0,./results/plots/./data/raw/outsample\history_stock_sz-000937.csv.html
sz-002223,0.0,5.438184663536778,-0.0,,,,0.0,,,,,,,./results/plots/./data/raw/outsample\history_stock_sz-002223.csv.html
sz-002505,0.0,8.554572271386432,-0.0,,,,0.0,,,,,,,./results/plots/./data/raw/outsample\history_stock_sz-002505.csv.html
sz-000540,0.0,-8.421052631578943,-0.0,,,,0.0,,,,,,,./results/plots/./data/raw/outsample\history_stock_sz-000540.csv.html
sz-300315,0.0,-2.7190332326283944,-0.0,,,,0.0,,,,,,,./results/plots/./data/raw/outsample\history_stock_sz-300315.csv.html
sz-300115,0.0,12.622309197651655,-0.0,,,,0.0,,,,,,,./results/plots/./data/raw/outsample\history_stock_sz-300115.csv.html
sh-601969,0.35100000000000364,-4.41860465116278,-0.3085774579189904,-0.12371102409540283,49.0,11.142857142857142,2.0,50.0,7.152145643693109,-2.500000000000002,2.212201816906756,79.0,41.0,./results/plots/./data/raw/outsample\history_stock_sh-601969.csv.html
sh-603345,0.0,-10.554169961676498,-0.0,,,,0.0,,,,,,,./results/plots/./data/raw/outsample\history_stock_sh-603345.csv.html
sz-000883,0.0,-4.046242774566473,-0.0,,,,0.0,,,,,,,./results/plots/./data/raw/outsample\history_stock_sz-000883.csv.html
sh-600062,-0.5354999999999928,-16.93227091633466,-1.46175946106597,-1.46175946106597,19.0,19.0,1.0,0.0,-2.455295735900953,-2.455295735900953,-2.455295735900953,13.0,13.0,./results/plots/./data/raw/outsample\history_stock_sh-600062.csv.html
sh-601958,0.5700000000000001,-4.083885209713035,-0.6054590570719554,-0.15697262127231326,52.0,14.6,1.0,100.0,6.976744186046524,6.976744186046524,6.976744186046524,79.0,79.0,./results/plots/./data/raw/outsample\history_stock_sh-601958.csv.html
sz-000528,0.0,-3.016591251885372,-0.0,,,,0.0,,,,,,,./results/plots/./data/raw/outsample\history_stock_sz-000528.csv.html
sh-601866,-0.06999999999999999,-6.020066889632112,-0.07000000000000339,-0.07000000000000339,11.0,11.0,1.0,0.0,-2.4390243902439157,-2.4390243902439157,-2.4390243902439157,12.0,12.0,./results/plots/./data/raw/outsample\history_stock_sh-601866.csv.html
sz-002242,0.0,-4.8727666486193755,-0.0,,,,0.0,,,,,,,./results/plots/./data/raw/outsample\history_stock_sz-002242.csv.html
sh-603882,-3.7197500000000034,-16.810035842293917,-5.589086095312812,-1.996440715828407,62.0,19.0,3.0,0.0,0.0,-2.526584867075665,-1.6739393700508365,36.0,17.666666666666668,./results/plots/./data/raw/outsample\history_stock_sh-603882.csv.html
sz-000553,0.0,-12.671509281678775,-0.0,,,,0.0,,,,,,,./results/plots/./data/raw/outsample\history_stock_sz-000553.csv.html
sz-300418,0.0,-8.894536213468871,-0.0,,,,0.0,,,,,,,./results/plots/./data/raw/outsample\history_stock_sz-300418.csv.html
sz-002595,0.0,-0.40413111809609276,-0.0,,,,0.0,,,,,,,./results/plots/./data/raw/outsample\history_stock_sz-002595.csv.html
sz-000967,0.0,-0.9727626459143934,-0.0,,,,0.0,,,,,,,./results/plots/./data/raw/outsample\history_stock_sz-000967.csv.html
sh-600739,0.0,-6.054421768707475,-0.0,,,,0.0,,,,,,,./results/plots/./data/raw/outsample\history_stock_sh-600739.csv.html
sh-688029,0.0,-1.4544164597374836,-0.0,,,,0.0,,,,,,,./results/plots/./data/raw/outsample\history_stock_sh-688029.csv.html
sh-600516,0.0,-5.6074766355140175,-0.0,,,,0.0,,,,,,,./results/plots/./data/raw/outsample\history_stock_sh-600516.csv.html
sz-002690,0.0,-0.6843065693430753,-0.0,,,,0.0,,,,,,,./results/plots/./data/raw/outsample\history_stock_sz-002690.csv.html
sh-600765,0.0,-4.593215250675476,-0.0,,,,0.0,,,,,,,./results/plots/./data/raw/outsample\history_stock_sh-600765.csv.html
sz-002233,-0.21,-6.674208144796379,-0.3597841295222892,-0.13492054707199552,101.0,31.5,2.0,50.0,0.12121212121212199,-2.5551684088269355,-1.2260426334166241,80.0,64.5,./results/plots/./data/raw/outsample\history_stock_sz-002233.csv.html
sh-600597,0.0,-4.203013481363992,-0.0,,,,0.0,,,,,,,./results/plots/./data/raw/outsample\history_stock_sh-600597.csv.html
sz-000158,0.0,6.467661691542283,-0.0,,,,0.0,,,,,,,./results/plots/./data/raw/outsample\history_stock_sz-000158.csv.html
sh-601928,0.0,-8.24022346368715,-0.0,,,,0.0,,,,,,,./results/plots/./data/raw/outsample\history_stock_sh-601928.csv.html
sz-000959,-0.3334999999999855,-10.403397027600853,-0.5522849730592583,-0.2861364901274699,109.0,55.5,3.0,0.0,-2.500000000000002,-2.5000000000000133,-2.500000000000002,38.0,25.666666666666668,./results/plots/./data/raw/outsample\history_stock_sz-000959.csv.html
sz-000988,-0.20375,-5.924978687127027,-0.9565921404994682,-0.5187078080839531,53.0,20.5,2.0,50.0,1.6513761467889854,-2.499999999999991,-0.44594847866850085,118.0,60.5,./results/plots/./data/raw/outsample\history_stock_sz-000988.csv.html
sh-600060,0.0,4.354838709677413,-0.0,,,,0.0,,,,,,,./results/plots/./data/raw/outsample\history_stock_sh-600060.csv.html
sz-000998,-1.2754999999999928,-11.520190023752965,-1.3346991804916941,-0.7373216014413708,132.0,67.5,2.0,0.0,-2.5648702594810446,-5.470190534726482,-4.02852377088564,33.0,23.5,./results/plots/./data/raw/outsample\history_stock_sz-000998.csv.html
sh-600733,0.0,-9.203142536475873,-0.0,,,,0.0,,,,,,,./results/plots/./data/raw/outsample\history_stock_sh-600733.csv.html
sh-600820,-0.06999999999999999,-11.6504854368932,-0.07999200079992219,-0.07999200079992219,11.0,11.0,1.0,0.0,-1.2658227848101333,-1.2658227848101333,-1.2658227848101333,11.0,11.0,./results/plots/./data/raw/outsample\history_stock_sh-600820.csv.html
sz-002957,0.0,10.64638783269963,-0.0,,,,0.0,,,,,,,./results/plots/./data/raw/outsample\history_stock_sz-002957.csv.html
sh-601608,0.0,-0.47961630695442625,-0.0,,,,0.0,,,,,,,./results/plots/./data/raw/outsample\history_stock_sh-601608.csv.html
sh-600426,2.26,-1.6540317022742952,-0.7527617557923527,-0.3874402721423781,68.0,12.375,1.0,100.0,8.583364982909236,8.583364982909236,8.583364982909236,106.0,106.0,./results/plots/./data/raw/outsample\history_stock_sh-600426.csv.html
sz-002268,0.0,3.031015037593983,-0.0,,,,0.0,,,,,,,./results/plots/./data/raw/outsample\history_stock_sz-002268.csv.html
sz-300285,-1.6365000000000147,-11.275055679287306,-1.9795714997508873,-1.104785749875442,144.0,74.0,2.0,0.0,-2.4426807760141167,-2.500000000000002,-2.4713445989404392,10.0,10.0,./results/plots/./data/raw/outsample\history_stock_sz-300285.csv.html
sh-600160,0.0,29.126213592232997,-0.0,,,,0.0,,,,,,,./results/plots/./data/raw/outsample\history_stock_sh-600160.csv.html
sh-600277,0.0,-0.8016032064128262,-0.0,,,,0.0,,,,,,,./results/plots/./data/raw/outsample\history_stock_sh-600277.csv.html
sh-603893,0.0,-2.3503831020915262,-0.0,,,,0.0,,,,,,,./results/plots/./data/raw/outsample\history_stock_sh-603893.csv.html
sz-002081,0.13,-3.9062500000000036,-0.0798961350244709,-0.028142519675811162,24.0,6.545454545454546,1.0,100.0,2.708333333333335,2.708333333333335,2.708333333333335,82.0,82.0,./results/plots/./data/raw/outsample\history_stock_sz-002081.csv.html
sz-002093,0.0,1.7574692442882185,-0.0,,,,0.0,,,,,,,./results/plots/./data/raw/outsample\history_stock_sz-002093.csv.html
sh-600633,0.0,-5.985401459854004,-0.0,,,,0.0,,,,,,,./results/plots/./data/raw/outsample\history_stock_sh-600633.csv.html
sh-600056,0.0,-0.8202323991797744,-0.0,,,,0.0,,,,,,,./results/plots/./data/raw/outsample\history_stock_sh-600056.csv.html
sh-600908,0.24,6.583629893238436,-0.12954658694569465,-0.06872435114146801,30.0,8.222222222222221,1.0,100.0,4.166666666666674,4.166666666666674,4.166666666666674,79.0,79.0,./results/plots/./data/raw/outsample\history_stock_sh-600908.csv.html
sz-002092,0.0,-3.771131339401821,-0.0,,,,0.0,,,,,,,./results/plots/./data/raw/outsample\history_stock_sz-002092.csv.html
sh-600507,-0.33125,-4.142857142857143,-0.35117976404719364,-0.18058988202359627,111.0,57.0,2.0,0.0,-2.355126300148591,-2.499999999999991,-2.4275900382925153,20.0,17.5,./results/plots/./data/raw/outsample\history_stock_sh-600507.csv.html
sh-601179,0.0,5.636743215031307,-0.0,,,,0.0,,,,,,,./results/plots/./data/raw/outsample\history_stock_sh-601179.csv.html
sz-002683,0.0,7.097232079488999,-0.0,,,,0.0,,,,,,,./results/plots/./data/raw/outsample\history_stock_sz-002683.csv.html
sz-300316,0.0,9.376872378669848,-0.0,,,,0.0,,,,,,,./results/plots/./data/raw/outsample\history_stock_sz-300316.csv.html
sz-000062,0.66,-1.518784972022378,-0.3098450774612682,-0.10407160188554945,28.0,9.222222222222221,1.0,100.0,5.631399317406149,5.631399317406149,5.631399317406149,105.0,105.0,./results/plots/./data/raw/outsample\history_stock_sz-000062.csv.html
sh-600418,0.0,15.375375375375391,-0.0,,,,0.0,,,,,,,./results/plots/./data/raw/outsample\history_stock_sh-600418.csv.html
sz-000547,0.0,-4.991680532445921,-0.0,,,,0.0,,,,,,,./results/plots/./data/raw/outsample\history_stock_sz-000547.csv.html
sh-688099,-2.0664999999999965,-15.323712166766892,-2.0664999999999933,-2.0664999999999933,108.0,108.0,1.0,0.0,-2.4311764705882366,-2.4311764705882366,-2.4311764705882366,8.0,8.0,./results/plots/./data/raw/outsample\history_stock_sh-688099.csv.html
sz-002745,0.0,-1.4213197969543023,-0.0,,,,0.0,,,,,,,./results/plots/./data/raw/outsample\history_stock_sz-002745.csv.html
sh-600282,-0.06799999999999272,-3.174603174603177,-0.09799999999999809,-0.09799999999999809,85.0,85.0,2.0,50.0,0.3289473684210398,-2.5000000000000133,-1.0956402961879053,80.0,42.0,./results/plots/./data/raw/outsample\history_stock_sh-600282.csv.html
sh-600132,0.0,-13.93557422969188,-0.0,,,,0.0,,,,,,,./results/plots/./data/raw/outsample\history_stock_sh-600132.csv.html
sh-603000,0.0,-4.398563734290845,-0.0,,,,0.0,,,,,,,./results/plots/./data/raw/outsample\history_stock_sh-603000.csv.html
sh-603379,0.0,36.21307072515667,-0.0,,,,0.0,,,,,,,./results/plots/./data/raw/outsample\history_stock_sh-603379.csv.html
sh-600985,-0.6517499999999927,-8.778089887640448,-0.9587777888545479,-0.36951438857841057,107.0,38.333333333333336,2.0,0.0,-2.4277242401779087,-2.5000000000000133,-2.4638688147686882,36.0,27.5,./results/plots/./data/raw/outsample\history_stock_sh-600985.csv.html
sz-000008,0.13,1.2048192771084258,-0.1597922700489418,-0.04619158020920805,65.0,15.25,1.0,100.0,5.394190871369298,5.394190871369298,5.394190871369298,136.0,136.0,./results/plots/./data/raw/outsample\history_stock_sz-000008.csv.html
sz-002557,-1.8077499999999964,-14.444245570073386,-4.098485593470347,-1.5743953180498538,83.0,27.75,3.0,33.33333333333333,1.4261387824606286,-2.519468849840256,-1.2150468135733172,70.0,37.333333333333336,./results/plots/./data/raw/outsample\history_stock_sz-002557.csv.html
sh-600801,0.35000000000000003,-8.924949290060843,-0.32799920485041545,-0.15165974230430534,24.0,9.75,1.0,100.0,1.9852524106636515,1.9852524106636515,1.9852524106636515,42.0,42.0,./results/plots/./data/raw/outsample\history_stock_sh-600801.csv.html
sz-000039,0.0,-4.565217391304353,-0.0,,,,0.0,,,,,,,./results/plots/./data/raw/outsample\history_stock_sz-000039.csv.html
sh-603650,0.0,-9.659268521412942,-0.0,,,,0.0,,,,,,,./results/plots/./data/raw/outsample\history_stock_sh-603650.csv.html
sh-600415,0.0,-9.41780821917808,-0.0,,,,0.0,,,,,,,./results/plots/./data/raw/outsample\history_stock_sh-600415.csv.html
sz-002946,-0.28774999999999634,-12.235294117647062,-0.3276189524190287,-0.3276189524190287,110.0,110.0,1.0,0.0,-2.500000000000002,-2.500000000000002,-2.500000000000002,23.0,23.0,./results/plots/./data/raw/outsample\history_stock_sz-002946.csv.html
sz-300699,0.0,17.06216577540106,-0.0,,,,0.0,,,,,,,./results/plots/./data/raw/outsample\history_stock_sz-300699.csv.html
sz-002625,0.0,2.7459954233409634,-0.0,,,,0.0,,,,,,,./results/plots/./data/raw/outsample\history_stock_sz-002625.csv.html
sz-300010,0.0,-14.41241685144124,-0.0,,,,0.0,,,,,,,./results/plots/./data/raw/outsample\history_stock_sz-300010.csv.html
sz-000046,-0.06999999999999999,-5.369127516778528,-0.07000000000000339,-0.07000000000000339,86.0,86.0,1.0,0.0,-5.223880597014929,-5.223880597014929,-5.223880597014929,6.0,6.0,./results/plots/./data/raw/outsample\history_stock_sz-000046.csv.html
sz-000960,-0.06999999999999999,-8.75379939209726,-0.5084745762711895,-0.19149103814908086,53.0,15.8,1.0,0.0,-0.46388336646786543,-0.46388336646786543,-0.46388336646786543,79.0,79.0,./results/plots/./data/raw/outsample\history_stock_sz-000960.csv.html
sz-002030,0.0,9.615384615384608,-0.0,,,,0.0,,,,,,,./results/plots/./data/raw/outsample\history_stock_sz-002030.csv.html
sz-000877,0.0,-7.0089649551752204,-0.0,,,,0.0,,,,,,,./results/plots/./data/raw/outsample\history_stock_sz-000877.csv.html
sh-600881,0.12,0.7633587786259549,-0.09978048293753927,-0.03294988661620146,24.0,6.3,1.0,100.0,4.800000000000004,4.800000000000004,4.800000000000004,79.0,79.0,./results/plots/./data/raw/outsample\history_stock_sh-600881.csv.html
sz-002867,-0.6082500000000073,-8.941485864562795,-0.8282500000000081,-0.8282500000000081,120.0,120.0,2.0,0.0,-0.5710206995003575,-3.643103448275864,-2.119113854124899,117.0,59.0,./results/plots/./data/raw/outsample\history_stock_sz-002867.csv.html
sz-000813,0.0,-5.507246376811605,-0.0,,,,0.0,,,,,,,./results/plots/./data/raw/outsample\history_stock_sz-000813.csv.html
sh-600869,0.0,37.356321839080465,-0.0,,,,0.0,,,,,,,./results/plots/./data/raw/outsample\history_stock_sh-600869.csv.html
sh-600863,0.0,-1.8766756032171539,-0.0,,,,0.0,,,,,,,./results/plots/./data/raw/outsample\history_stock_sh-600863.csv.html
sz-000887,0.0,30.369515011547332,-0.0,,,,0.0,,,,,,,./results/plots/./data/raw/outsample\history_stock_sz-000887.csv.html
sz-002302,0.0,0.0,-0.0,,,,0.0,,,,,,,./results/plots/./data/raw/outsample\history_stock_sz-002302.csv.html
sh-600718,0.0,-0.4382120946538187,-0.0,,,,0.0,,,,,,,./results/plots/./data/raw/outsample\history_stock_sh-600718.csv.html
sh-600120,0.0,-0.748129675810469,-0.0,,,,0.0,,,,,,,./results/plots/./data/raw/outsample\history_stock_sh-600120.csv.html
sz-002387,0.0,-3.2258064516129124,-0.0,,,,0.0,,,,,,,./results/plots/./data/raw/outsample\history_stock_sz-002387.csv.html
sh-600039,-0.25975000000000364,-7.586837294332725,-0.32951933646447884,-0.10989527019160006,24.0,8.4,1.0,0.0,-2.500000000000002,-2.500000000000002,-2.500000000000002,38.0,38.0,./results/plots/./data/raw/outsample\history_stock_sh-600039.csv.html
sz-000402,0.0,-4.34056761268781,-0.0,,,,0.0,,,,,,,./results/plots/./data/raw/outsample\history_stock_sz-000402.csv.html
sh-600021,0.19,-8.859566446748346,-0.12959824543913312,-0.08585514972400787,9.0,6.0,1.0,100.0,2.0000000000000018,2.0000000000000018,2.0000000000000018,31.0,31.0,./results/plots/./data/raw/outsample\history_stock_sh-600021.csv.html
sz-002440,0.25,-0.24937655860348598,-0.159521435692922,-0.061838038106853954,50.0,14.4,1.0,100.0,3.2258064516129004,3.2258064516129004,3.2258064516129004,79.0,79.0,./results/plots/./data/raw/outsample\history_stock_sz-002440.csv.html
sz-002074,0.0,-13.19706731837369,-0.0,,,,0.0,,,,,,,./results/plots/./data/raw/outsample\history_stock_sz-002074.csv.html
sh-600673,0.0,26.61555312157721,-0.0,,,,0.0,,,,,,,./results/plots/./data/raw/outsample\history_stock_sh-600673.csv.html
sh-600970,0.0,1.129363449691986,-0.0,,,,0.0,,,,,,,./results/plots/./data/raw/outsample\history_stock_sh-600970.csv.html
sz-000738,0.0,-3.5663841807909655,-0.0,,,,0.0,,,,,,,./results/plots/./data/raw/outsample\history_stock_sz-000738.csv.html
sz-002572,-2.275249999999996,-33.29583802024747,-2.7252500000000013,-2.7252500000000013,112.0,112.0,3.0,33.33333333333333,2.408256880733939,-9.995456610631548,-3.4983644049123352,41.0,18.333333333333332,./results/plots/./data/raw/outsample\history_stock_sz-002572.csv.html
sz-300630,-1.5454999999999928,-16.291970802919703,-1.7322088032737715,-1.7322088032737715,109.0,109.0,2.0,0.0,-2.500000000000002,-2.5315738341968874,-2.515788195391333,18.0,12.0,./results/plots/./data/raw/outsample\history_stock_sz-300630.csv.html
sz-002019,-0.19,-13.17885590152064,-0.5283094098883612,-0.29261668032379096,24.0,12.666666666666666,1.0,0.0,-1.5561015561015634,-1.5561015561015634,-1.5561015561015634,41.0,41.0,./results/plots/./data/raw/outsample\history_stock_sz-002019.csv.html
sz-000078,0.0,-1.9444444444444524,-0.0,,,,0.0,,,,,,,./results/plots/./data/raw/outsample\history_stock_sz-000078.csv.html
sz-002385,0.0,-7.643312101910824,-0.0,,,,0.0,,,,,,,./results/plots/./data/raw/outsample\history_stock_sz-002385.csv.html
sz-300296,0.0,-12.6358695652174,-0.0,,,,0.0,,,,,,,./results/plots/./data/raw/outsample\history_stock_sz-300296.csv.html
sz-300088,0.0,-3.629032258064522,-0.0,,,,0.0,,,,,,,./results/plots/./data/raw/outsample\history_stock_sz-300088.csv.html
sh-600754,0.0,5.062861026163786,-0.0,,,,0.0,,,,,,,./results/plots/./data/raw/outsample\history_stock_sh-600754.csv.html
sh-601118,0.0,-5.672268907563017,-0.0,,,,0.0,,,,,,,./results/plots/./data/raw/outsample\history_stock_sh-601118.csv.html
sh-600704,-0.1225,-5.8823529411764675,-0.12250000000000316,-0.06625000000000103,120.0,61.5,1.0,0.0,-2.5000000000000133,-2.5000000000000133,-2.5000000000000133,35.0,35.0,./results/plots/./data/raw/outsample\history_stock_sh-600704.csv.html
sh-603712,0.0,-1.9365079365079345,-0.0,,,,0.0,,,,,,,./results/plots/./data/raw/outsample\history_stock_sh-603712.csv.html
sh-600307,-0.0375,-4.145077720207246,-0.0974902509749076,-0.06374512548745215,110.0,58.0,2.0,50.0,1.0928961748633892,-3.010471204188492,-0.9800405746200336,86.0,57.0,./results/plots/./data/raw/outsample\history_stock_sh-600307.csv.html
sz-002191,0.0,-6.559031281533807,-0.0,,,,0.0,,,,,,,./results/plots/./data/raw/outsample\history_stock_sz-002191.csv.html
sh-603290,0.0,1.9985331866520124,-0.0,,,,0.0,,,,,,,./results/plots/./data/raw/outsample\history_stock_sh-603290.csv.html
sh-600728,0.25,-1.3888888888889002,-0.2391152734880886,-0.10687811585370671,35.0,15.142857142857142,1.0,100.0,4.05844155844155,4.05844155844155,4.05844155844155,115.0,115.0,./results/plots/./data/raw/outsample\history_stock_sh-600728.csv.html
sh-600398,0.02,-5.219206680584551,-0.1098571856586461,-0.04745630275879431,65.0,20.0,1.0,100.0,0.4424778761062065,0.4424778761062065,0.4424778761062065,86.0,86.0,./results/plots/./data/raw/outsample\history_stock_sh-600398.csv.html
sh-603719,0.0,-15.589488636363638,-0.0,,,,0.0,,,,,,,./results/plots/./data/raw/outsample\history_stock_sh-603719.csv.html
sz-000732,-0.03024999999999636,-5.22388059701493,-0.08020989505247433,-0.032034582588731375,99.0,26.6,1.0,0.0,-2.5000000000000133,-2.5000000000000133,-2.5000000000000133,54.0,54.0,./results/plots/./data/raw/outsample\history_stock_sz-000732.csv.html
sz-000563,0.0,0.31847133757961105,-0.0,,,,0.0,,,,,,,./results/plots/./data/raw/outsample\history_stock_sz-000563.csv.html
sz-000778,-0.23149999999999638,-8.141962421711893,-0.2314999999999956,-0.2314999999999956,81.0,81.0,2.0,0.0,-2.499999999999991,-2.500000000000002,-2.500000000000002,43.0,22.0,./results/plots/./data/raw/outsample\history_stock_sz-000778.csv.html
sh-601717,0.0,13.310810810810803,-0.0,,,,0.0,,,,,,,./results/plots/./data/raw/outsample\history_stock_sh-601717.csv.html
sh-600372,0.0,-0.36269430051813617,-0.0,,,,0.0,,,,,,,./results/plots/./data/raw/outsample\history_stock_sh-600372.csv.html
sz-002212,0.0,-9.645669291338587,-0.0,,,,0.0,,,,,,,./results/plots/./data/raw/outsample\history_stock_sz-002212.csv.html
sh-601992,0.0,-4.710144927536229,-0.0,,,,0.0,,,,,,,./results/plots/./data/raw/outsample\history_stock_sh-601992.csv.html
sh-688088,0.0,11.385642737896495,-0.0,,,,0.0,,,,,,,./results/plots/./data/raw/outsample\history_stock_sh-688088.csv.html
sh-601966,0.0,16.70052824055262,-0.0,,,,0.0,,,,,,,./results/plots/./data/raw/outsample\history_stock_sh-601966.csv.html
sz-002901,0.0,-10.599434010805242,-0.0,,,,0.0,,,,,,,./results/plots/./data/raw/outsample\history_stock_sz-002901.csv.html
sh-600967,0.0,-2.2508038585209094,-0.0,,,,0.0,,,,,,,./results/plots/./data/raw/outsample\history_stock_sh-600967.csv.html
sz-000718,0.31,0.0,-0.23899621589325015,-0.07971123515487419,40.0,12.5,1.0,100.0,9.393939393939398,9.393939393939398,9.393939393939398,82.0,82.0,./results/plots/./data/raw/outsample\history_stock_sz-000718.csv.html
sz-002507,-0.8327499999999963,-13.04347826086957,-0.9615000499350823,-0.9615000499350823,118.0,118.0,2.0,0.0,-0.13440860215054862,-2.563045586808932,-1.3562010236901734,7.0,4.5,./results/plots/./data/raw/outsample\history_stock_sz-002507.csv.html
sz-002244,0.0,10.057803468208084,-0.0,,,,0.0,,,,,,,./results/plots/./data/raw/outsample\history_stock_sz-002244.csv.html
sz-000519,0.0,5.054382597568783,-0.0,,,,0.0,,,,,,,./results/plots/./data/raw/outsample\history_stock_sz-000519.csv.html
sz-000513,0.0,-11.725479299805508,-0.0,,,,0.0,,,,,,,./results/plots/./data/raw/outsample\history_stock_sz-000513.csv.html
sh-600968,0.1,-0.7782101167315182,-0.07998400319936261,-0.026983414605138426,41.0,9.8,1.0,100.0,4.098360655737698,4.098360655737698,4.098360655737698,117.0,117.0,./results/plots/./data/raw/outsample\history_stock_sh-600968.csv.html
sh-600216,0.0,3.3405954974582484,-0.0,,,,0.0,,,,,,,./results/plots/./data/raw/outsample\history_stock_sh-600216.csv.html
sz-002004,0.0,6.115107913669079,-0.0,,,,0.0,,,,,,,./results/plots/./data/raw/outsample\history_stock_sz-002004.csv.html
sh-600639,0.11,-12.315634218289084,-0.26908511062387896,-0.1944347493626486,28.0,18.5,1.0,100.0,0.9314140558848383,0.9314140558848383,0.9314140558848383,41.0,41.0,./results/plots/./data/raw/outsample\history_stock_sh-600639.csv.html
sh-600928,0.0,-3.2697547683923736,-0.0,,,,0.0,,,,,,,./results/plots/./data/raw/outsample\history_stock_sh-600928.csv.html
sz-002080,3.39,5.405405405405407,-4.268350136624899,-0.6077921478006361,57.0,8.75,1.0,100.0,13.165048543689316,13.165048543689316,13.165048543689316,115.0,115.0,./results/plots/./data/raw/outsample\history_stock_sz-002080.csv.html
sz-002382,0.0,-7.5052854122621655,-0.0,,,,0.0,,,,,,,./results/plots/./data/raw/outsample\history_stock_sz-002382.csv.html
sz-002511,-0.3185000000000036,-12.09740769835036,-0.47773562300319483,-0.22252859095111358,23.0,13.0,2.0,0.0,-0.2661934338952898,-2.500000000000002,-1.3894217632042793,38.0,20.0,./results/plots/./data/raw/outsample\history_stock_sz-002511.csv.html
sz-000869,-0.29,-7.2272880783519104,-1.5015311666502051,-0.3737644399290696,56.0,13.285714285714286,1.0,0.0,-1.044668587896258,-1.044668587896258,-1.044668587896258,102.0,102.0,./results/plots/./data/raw/outsample\history_stock_sz-000869.csv.html
sz-002568,0.0,-13.627639155470254,-0.0,,,,0.0,,,,,,,./results/plots/./data/raw/outsample\history_stock_sz-002568.csv.html
sh-603338,-1.2347500000000036,-16.02828520919269,-3.4364000782166615,-1.9820936909606475,127.0,48.0,1.0,0.0,-2.6027613827993235,-2.6027613827993235,-2.6027613827993235,36.0,36.0,./results/plots/./data/raw/outsample\history_stock_sh-603338.csv.html
sz-002281,0.0,0.6221719457013543,-0.0,,,,0.0,,,,,,,./results/plots/./data/raw/outsample\history_stock_sz-002281.csv.html
sh-600089,-0.6770000000000073,-10.785714285714285,-2.2988392681487335,-1.1093986076884166,92.0,36.333333333333336,1.0,0.0,-2.5365305357812007,-2.5365305357812007,-2.5365305357812007,61.0,61.0,./results/plots/./data/raw/outsample\history_stock_sh-600089.csv.html
sz-002124,0.0,8.866279069767447,-0.0,,,,0.0,,,,,,,./results/plots/./data/raw/outsample\history_stock_sz-002124.csv.html
sz-002831,0.4622500000000036,-6.960081883316271,-1.3902426894768172,-0.5017753131398974,61.0,14.0,2.0,50.0,4.317921283912862,-2.4640221402214113,0.8699680813166966,78.0,57.0,./results/plots/./data/raw/outsample\history_stock_sz-002831.csv.html
sz-002203,0.0,3.3533963886500326,-0.0,,,,0.0,,,,,,,./results/plots/./data/raw/outsample\history_stock_sz-002203.csv.html
sh-600909,0.0,-4.8351648351648295,-0.0,,,,0.0,,,,,,,./results/plots/./data/raw/outsample\history_stock_sh-600909.csv.html
sh-600755,-0.11700000000000726,-7.600000000000004,-0.2867992405316322,-0.10669356270664732,96.0,28.25,2.0,50.0,1.0174418604651292,-2.637517630465447,-0.826874093053731,79.0,57.5,./results/plots/./data/raw/outsample\history_stock_sh-600755.csv.html
sz-002131,0.0,1.0416666666666676,-0.0,,,,0.0,,,,,,,./results/plots/./data/raw/outsample\history_stock_sz-002131.csv.html
sh-600901,0.0,-3.065134099616861,-0.0,,,,0.0,,,,,,,./results/plots/./data/raw/outsample\history_stock_sh-600901.csv.html
sh-600500,0.26,-2.548725637181408,-0.3382411460405854,-0.09637134720180315,57.0,11.666666666666666,1.0,100.0,4.153354632587858,4.153354632587858,4.153354632587858,116.0,116.0,./results/plots/./data/raw/outsample\history_stock_sh-600500.csv.html
sh-600435,0.0,2.872928176795577,-0.0,,,,0.0,,,,,,,./results/plots/./data/raw/outsample\history_stock_sh-600435.csv.html
sh-603883,0.0,-1.5129041827350875,-0.0,,,,0.0,,,,,,,./results/plots/./data/raw/outsample\history_stock_sh-603883.csv.html
sz-000543,0.0,13.41463414634148,-0.0,,,,0.0,,,,,,,./results/plots/./data/raw/outsample\history_stock_sz-000543.csv.html
sh-600879,0.0,1.3719512195122066,-0.0,,,,0.0,,,,,,,./results/plots/./data/raw/outsample\history_stock_sh-600879.csv.html
sh-601228,0.13,0.8241758241758188,-0.07983235206067141,-0.0354912303968903,14.0,7.666666666666667,1.0,100.0,3.661971830985933,3.661971830985933,3.661971830985933,79.0,79.0,./results/plots/./data/raw/outsample\history_stock_sh-601228.csv.html
sh-601456,0.0,-10.878661087866101,-0.0,,,,0.0,,,,,,,./results/plots/./data/raw/outsample\history_stock_sh-601456.csv.html
sz-002155,0.0,4.399323181049065,-0.0,,,,0.0,,,,,,,./results/plots/./data/raw/outsample\history_stock_sz-002155.csv.html
sz-002138,1.16,-8.16554809843401,-2.1082565208864534,-0.4724299260387102,52.0,14.125,1.0,100.0,4.925690021231421,4.925690021231421,4.925690021231421,115.0,115.0,./results/plots/./data/raw/outsample\history_stock_sz-002138.csv.html
sh-603377,0.0,8.629441624365478,-0.0,,,,0.0,,,,,,,./results/plots/./data/raw/outsample\history_stock_sh-603377.csv.html
sh-600079,0.0,10.991787744788379,-0.0,,,,0.0,,,,,,,./results/plots/./data/raw/outsample\history_stock_sh-600079.csv.html
sh-601615,-1.5675000000000001,-11.038381434096998,-1.8129675810473866,-1.8129675810473866,40.0,40.0,2.0,0.0,-2.500000000000002,-2.6675558519506426,-2.5838139504793967,31.0,16.5,./results/plots/./data/raw/outsample\history_stock_sh-601615.csv.html
sz-300133,0.0,-4.732510288065852,-0.0,,,,0.0,,,,,,,./results/plots/./data/raw/outsample\history_stock_sz-300133.csv.html
sz-002221,-0.4535000000000036,-10.248112189859755,-0.4734053189362153,-0.2417026594681071,112.0,57.0,2.0,0.0,-2.5000000000000133,-2.611556064073217,-2.555793995985267,6.0,4.0,./results/plots/./data/raw/outsample\history_stock_sz-002221.csv.html
sz-002709,0.0,-13.407174739626381,-0.0,,,,0.0,,,,,,,./results/plots/./data/raw/outsample\history_stock_sz-002709.csv.html
sz-300376,0.0,9.102244389027438,-0.0,,,,0.0,,,,,,,./results/plots/./data/raw/outsample\history_stock_sz-300376.csv.html
sh-600486,0.0,-13.889928865593419,-0.0,,,,0.0,,,,,,,./results/plots/./data/raw/outsample\history_stock_sh-600486.csv.html
sh-600535,-0.02,-2.868068833652014,-0.43820336619858624,-0.18443851840608538,62.0,21.0,1.0,0.0,-0.19607843137254832,-0.19607843137254832,-0.19607843137254832,86.0,86.0,./results/plots/./data/raw/outsample\history_stock_sh-600535.csv.html
sz-002948,0.0,-5.248618784530385,-0.0,,,,0.0,,,,,,,./results/plots/./data/raw/outsample\history_stock_sz-002948.csv.html
sz-002444,-0.4285000000000036,4.697624190064801,-0.4284999999999983,-0.4284999999999983,118.0,118.0,1.0,0.0,-2.4443810610382366,-2.4443810610382366,-2.4443810610382366,6.0,6.0,./results/plots/./data/raw/outsample\history_stock_sz-002444.csv.html
sh-600648,0.04,-5.625462620281271,-0.38883349950149526,-0.27437676974075287,72.0,39.5,1.0,100.0,0.31570639305447123,0.31570639305447123,0.31570639305447123,81.0,81.0,./results/plots/./data/raw/outsample\history_stock_sh-600648.csv.html
sz-002926,0.0,-4.865556978233034,-0.0,,,,0.0,,,,,,,./results/plots/./data/raw/outsample\history_stock_sz-002926.csv.html
sh-600325,0.88,-1.2706480304955594,-0.34867503486750717,-0.11386337547172332,31.0,8.11111111111111,1.0,100.0,12.735166425470323,12.735166425470323,12.735166425470323,83.0,83.0,./results/plots/./data/raw/outsample\history_stock_sh-600325.csv.html
sz-300134,0.0,2.103960396039603,-0.0,,,,0.0,,,,,,,./results/plots/./data/raw/outsample\history_stock_sz-300134.csv.html
sh-601975,0.0,-5.263157894736835,-0.0,,,,0.0,,,,,,,./results/plots/./data/raw/outsample\history_stock_sh-601975.csv.html
sh-600350,0.0,0.0,-0.0,,,,0.0,,,,,,,./results/plots/./data/raw/outsample\history_stock_sh-600350.csv.html
sh-601997,0.02,-3.2815198618307493,-0.08991008991009464,-0.037979618541874594,57.0,14.6,1.0,100.0,0.3577817531305927,0.3577817531305927,0.3577817531305927,81.0,81.0,./results/plots/./data/raw/outsample\history_stock_sh-601997.csv.html
sh-600266,0.0,0.49875311720699406,-0.0,,,,0.0,,,,,,,./results/plots/./data/raw/outsample\history_stock_sh-600266.csv.html
sh-601068,0.0,5.720823798627002,-0.0,,,,0.0,,,,,,,./results/plots/./data/raw/outsample\history_stock_sh-601068.csv.html
sh-600131,0.0,23.110785033015407,-0.0,,,,0.0,,,,,,,./results/plots/./data/raw/outsample\history_stock_sh-600131.csv.html
sz-300180,-0.09625,0.2518891687657377,-0.23591971240263243,-0.049489089212789716,123.0,18.25,1.0,0.0,-2.500000000000002,-2.500000000000002,-2.500000000000002,52.0,52.0,./results/plots/./data/raw/outsample\history_stock_sz-300180.csv.html
sh-601598,0.16,-2.8350515463917496,-0.04999999999999449,-0.02745899060643912,23.0,6.166666666666667,1.0,100.0,4.41988950276242,4.41988950276242,4.41988950276242,84.0,84.0,./results/plots/./data/raw/outsample\history_stock_sh-601598.csv.html
sz-002500,0.0,-3.880070546737209,-0.0,,,,0.0,,,,,,,./results/plots/./data/raw/outsample\history_stock_sz-002500.csv.html
sh-600497,0.0,6.4705882352941195,-0.0,,,,0.0,,,,,,,./results/plots/./data/raw/outsample\history_stock_sh-600497.csv.html
sh-603486,0.0,-25.322893122376488,-0.0,,,,0.0,,,,,,,./results/plots/./data/raw/outsample\history_stock_sh-603486.csv.html
sz-000537,0.0,-4.411764705882351,-0.0,,,,0.0,,,,,,,./results/plots/./data/raw/outsample\history_stock_sz-000537.csv.html
sh-601139,0.0,3.323699421965324,-0.0,,,,0.0,,,,,,,./results/plots/./data/raw/outsample\history_stock_sh-601139.csv.html
sh-601869,0.0,8.788676761026986,-0.0,,,,0.0,,,,,,,./results/plots/./data/raw/outsample\history_stock_sh-601869.csv.html
sz-300168,-0.2329999999999927,-0.3208556149732552,-0.5016455569960998,-0.2370681895138708,124.0,47.666666666666664,1.0,0.0,-2.6091825307950844,-2.6091825307950844,-2.6091825307950844,58.0,58.0,./results/plots/./data/raw/outsample\history_stock_sz-300168.csv.html
sz-300274,0.0,27.59864015658804,-0.0,,,,0.0,,,,,,,./results/plots/./data/raw/outsample\history_stock_sz-300274.csv.html
sz-000156,0.13999999999999999,-6.1868686868686895,-0.20926756352764864,-0.059799085367910905,49.0,12.8,1.0,100.0,1.91256830601092,1.91256830601092,1.91256830601092,79.0,79.0,./results/plots/./data/raw/outsample\history_stock_sz-000156.csv.html
sh-600517,0.0,10.59730250481695,-0.0,,,,0.0,,,,,,,./results/plots/./data/raw/outsample\history_stock_sh-600517.csv.html
sh-600717,0.0,0.7518796992481042,-0.0,,,,0.0,,,,,,,./results/plots/./data/raw/outsample\history_stock_sh-600717.csv.html
sh-688321,0.0,-2.3622047244094406,-0.0,,,,0.0,,,,,,,./results/plots/./data/raw/outsample\history_stock_sh-688321.csv.html
sz-002353,0.0,-9.412955465587059,-0.0,,,,0.0,,,,,,,./results/plots/./data/raw/outsample\history_stock_sz-002353.csv.html
sh-603868,0.0,3.974730192155825,-0.0,,,,0.0,,,,,,,./results/plots/./data/raw/outsample\history_stock_sh-603868.csv.html
sh-601128,0.0,1.179554390563563,-0.0,,,,0.0,,,,,,,./results/plots/./data/raw/outsample\history_stock_sh-601128.csv.html
sz-002174,0.0,-6.411582213029981,-0.0,,,,0.0,,,,,,,./results/plots/./data/raw/outsample\history_stock_sz-002174.csv.html
sh-600166,0.13999999999999999,3.649635036496337,-0.4973145016908709,-0.28364675399449313,120.0,64.5,1.0,100.0,5.166051660516602,5.166051660516602,5.166051660516602,145.0,145.0,./results/plots/./data/raw/outsample\history_stock_sh-600166.csv.html
sz-002002,0.0,-0.8108108108108174,-0.0,,,,0.0,,,,,,,./results/plots/./data/raw/outsample\history_stock_sz-002002.csv.html
sz-000970,0.0,20.158102766798418,-0.0,,,,0.0,,,,,,,./results/plots/./data/raw/outsample\history_stock_sz-000970.csv.html
sh-601005,0.03,-5.263157894736835,-0.07992806474172998,-0.023314182869371702,57.0,11.666666666666666,1.0,100.0,1.6853932584269593,1.6853932584269593,1.6853932584269593,79.0,79.0,./results/plots/./data/raw/outsample\history_stock_sh-601005.csv.html
sz-000830,-0.6195000000000073,-17.70894213909994,-0.8695000000000119,-0.8695000000000119,84.0,84.0,3.0,33.33333333333333,0.7885304659498216,-2.5000000000000133,-1.415921454698954,41.0,16.333333333333332,./results/plots/./data/raw/outsample\history_stock_sz-000830.csv.html
sz-000930,0.0,-5.343511450381682,-0.0,,,,0.0,,,,,,,./results/plots/./data/raw/outsample\history_stock_sz-000930.csv.html
sz-002250,0.0,13.774271844660191,-0.0,,,,0.0,,,,,,,./results/plots/./data/raw/outsample\history_stock_sz-002250.csv.html
sh-600823,0.0,-8.783783783783777,-0.0,,,,0.0,,,,,,,./results/plots/./data/raw/outsample\history_stock_sh-600823.csv.html
sz-000709,0.0,24.000000000000004,-0.0,,,,0.0,,,,,,,./results/plots/./data/raw/outsample\history_stock_sz-000709.csv.html
sh-600201,0.0,-9.002169197396963,-0.0,,,,0.0,,,,,,,./results/plots/./data/raw/outsample\history_stock_sh-600201.csv.html
sh-601333,0.0,-5.479452054794526,-0.0,,,,0.0,,,,,,,./results/plots/./data/raw/outsample\history_stock_sh-601333.csv.html
sh-600835,0.0,13.426265590608951,-0.0,,,,0.0,,,,,,,./results/plots/./data/raw/outsample\history_stock_sh-600835.csv.html
sz-000488,0.0,-1.7921146953404954,-0.0,,,,0.0,,,,,,,./results/plots/./data/raw/outsample\history_stock_sz-000488.csv.html
sh-600155,0.0,-4.631828978622335,-0.0,,,,0.0,,,,,,,./results/plots/./data/raw/outsample\history_stock_sh-600155.csv.html
sz-300024,0.0,6.305418719211811,-0.0,,,,0.0,,,,,,,./results/plots/./data/raw/outsample\history_stock_sz-300024.csv.html
sz-001872,0.95,0.19379844961239895,-0.31993601279743933,-0.13200332050856084,10.0,6.2727272727272725,1.0,100.0,6.506849315068508,6.506849315068508,6.506849315068508,86.0,86.0,./results/plots/./data/raw/outsample\history_stock_sz-001872.csv.html
sh-600170,0.0,-3.6184210526315748,-0.0,,,,0.0,,,,,,,./results/plots/./data/raw/outsample\history_stock_sh-600170.csv.html
sz-000975,0.0,13.850996852046174,-0.0,,,,0.0,,,,,,,./results/plots/./data/raw/outsample\history_stock_sz-000975.csv.html
sh-600219,0.0,-3.5812672176308515,-0.0,,,,0.0,,,,,,,./results/plots/./data/raw/outsample\history_stock_sh-600219.csv.html
sh-600143,-0.2225,6.217070600632243,-0.22250000000000325,-0.22250000000000325,119.0,119.0,1.0,0.0,-2.500000000000002,-2.500000000000002,-2.500000000000002,15.0,15.0,./results/plots/./data/raw/outsample\history_stock_sh-600143.csv.html
sh-600380,-0.5432500000000072,-10.543390105433907,-0.5432500000000062,-0.5432500000000062,79.0,79.0,2.0,0.0,-2.2411504424778905,-2.5000000000000133,-2.3706610088012336,73.0,37.0,./results/plots/./data/raw/outsample\history_stock_sh-600380.csv.html
sh-601880,0.0,0.0,-0.0,,,,0.0,,,,,,,./results/plots/./data/raw/outsample\history_stock_sh-601880.csv.html
sz-002429,0.0,1.0362694300518145,-0.0,,,,0.0,,,,,,,./results/plots/./data/raw/outsample\history_stock_sz-002429.csv.html
sh-603328,0.0,7.727975270479134,-0.0,,,,0.0,,,,,,,./results/plots/./data/raw/outsample\history_stock_sh-603328.csv.html
sh-601799,0.0,4.823304680038194,-0.0,,,,0.0,,,,,,,./results/plots/./data/raw/outsample\history_stock_sh-601799.csv.html
sh-603605,0.0,9.819314641744542,-0.0,,,,0.0,,,,,,,./results/plots/./data/raw/outsample\history_stock_sh-603605.csv.html
sz-002648,0.0,-11.445312499999998,-0.0,,,,0.0,,,,,,,./results/plots/./data/raw/outsample\history_stock_sz-002648.csv.html
sh-600566,0.26,-8.292313517606972,-1.667811243009909,-0.41884164254705386,59.0,12.833333333333334,1.0,100.0,1.077496891835894,1.077496891835894,1.077496891835894,80.0,80.0,./results/plots/./data/raw/outsample\history_stock_sh-600566.csv.html
